galaxy,survey,quality_tier,telescope,ra_deg,dec_deg,distance_mpc,e_distance_mpc,vsys_kms,inc_deg,e_inc_deg,pa_deg,hubble_type,m2l_disk,n_points,r_min_kpc,r_max_kpc,vrot_min_kms,vrot_mean_kms,vrot_max_kms,vdisp_mean_kms,has_bulge,vgas_negative_rows,r0p3_kpc,v0p3_kms,beam_arcsec,qflag_model,reference,notes
CamB,SPARC,1,,,,3.36,0.26,,65.0,5.0,,10.0,0.11,9.0,0.16,1.79,1.99,10.877,20.1,,False,0.0,,,,,"Lelli, McGaugh & Schombert (2016), AJ 152, 157",
D512-2,SPARC,1,,,,15.2,4.56,,56.0,10.0,,10.0,2.37,4.0,0.96,3.83,22.9,32.375,37.2,,False,0.0,,,,,"Lelli, McGaugh & Schombert (2016), AJ 152, 157",
D564-8,SPARC,1,,,,8.79,0.28,,63.0,7.0,,10.0,2.37,6.0,0.51,3.07,8.54,19.057,25.0,,False,0.0,,,,,"Lelli, McGaugh & Schombert (2016), AJ 152, 157",
D631-7,SPARC,1,,,,7.72,0.18,,59.0,3.0,,10.0,0.92,16.0,0.45,7.19,8.41,43.038,58.5,,False,0.0,,,,,"Lelli, McGaugh & Schombert (2016), AJ 152, 157",
DDO064,SPARC,1,,,,6.8,2.04,,60.0,5.0,,10.0,2.19,14.0,0.1,2.98,6.29,32.535,46.9,,False,3.0,,,,,"Lelli, McGaugh & Schombert (2016), AJ 152, 157",
DDO154,SPARC,1,,,,4.04,0.2,,64.0,3.0,,10.0,4.28,12.0,0.49,5.92,13.8,38.183,48.2,,False,0.0,,,,,"Lelli, McGaugh & Schombert (2016), AJ 152, 157",
DDO161,SPARC,1,,,,7.5,2.25,,70.0,10.0,,10.0,1.2,31.0,0.6,13.37,16.0,49.255,67.5,,False,0.0,,,,,"Lelli, McGaugh & Schombert (2016), AJ 152, 157",
DDO168,SPARC,1,,,,4.25,0.21,,63.0,6.0,,10.0,2.04,10.0,0.41,4.12,15.0,41.46,55.0,,False,0.0,,,,,"Lelli, McGaugh & Schombert (2016), AJ 152, 157",
DDO170,SPARC,1,,,,15.4,4.62,,66.0,7.0,,10.0,4.2,8.0,1.87,12.33,27.7,52.25,62.2,,False,0.0,,,,,"Lelli, McGaugh & Schombert (2016), AJ 152, 157",
ESO079-G014,SPARC,1,,,,28.7,7.17,,79.0,5.0,,4.0,0.97,15.0,0.41,16.67,33.2,119.387,178.0,,False,0.0,,,,,"Lelli, McGaugh & Schombert (2016), AJ 152, 157",
ESO116-G012,SPARC,1,,,,13.0,3.9,,74.0,3.0,,7.0,1.21,15.0,0.25,9.86,20.9,86.747,112.0,,False,3.0,,,,,"Lelli, McGaugh & Schombert (2016), AJ 152, 157",
ESO444-G084,SPARC,1,,,,4.83,0.48,,32.0,6.0,,10.0,5.39,7.0,0.26,4.44,18.3,48.286,63.1,,False,0.0,,,,,"Lelli, McGaugh & Schombert (2016), AJ 152, 157",
ESO563-G021,SPARC,1,,,,60.8,9.1,,83.0,3.0,,4.0,0.66,30.0,0.45,42.41,18.9,263.31,321.0,,False,0.0,,,,,"Lelli, McGaugh & Schombert (2016), AJ 152, 157",
F561-1,SPARC,1,,,,66.4,10.0,,24.0,10.0,,9.0,0.86,6.0,1.61,9.66,23.4,43.25,50.4,,False,0.0,,,,,"Lelli, McGaugh & Schombert (2016), AJ 152, 157",
F563-1,SPARC,1,,,,48.9,9.8,,25.0,5.0,,9.0,3.01,17.0,1.07,20.1,22.1,88.953,112.5,,False,0.0,,,,,"Lelli, McGaugh & Schombert (2016), AJ 152, 157",
F563-V1,SPARC,1,,,,54.0,10.8,,60.0,10.0,,10.0,1.01,6.0,1.31,7.87,12.0,24.617,29.5,,False,0.0,,,,,"Lelli, McGaugh & Schombert (2016), AJ 152, 157",
F563-V2,SPARC,1,,,,59.7,11.9,,29.0,10.0,,10.0,4.16,10.0,0.28,10.47,11.9,86.15,118.0,,False,0.0,,,,,"Lelli, McGaugh & Schombert (2016), AJ 152, 157",
F565-V2,SPARC,1,,,,51.8,10.4,,60.0,10.0,,10.0,5.71,7.0,1.26,8.8,21.7,60.471,83.1,,False,0.0,,,,,"Lelli, McGaugh & Schombert (2016), AJ 152, 157",
F567-2,SPARC,1,,,,79.0,11.8,,20.0,10.0,,9.0,1.83,5.0,1.92,9.59,26.9,44.32,52.2,,False,3.0,,,,,"Lelli, McGaugh & Schombert (2016), AJ 152, 157",
F568-1,SPARC,1,,,,90.7,9.7,,26.0,5.0,,5.0,3.02,12.0,0.44,13.23,15.7,100.883,142.0,,False,4.0,,,,,"Lelli, McGaugh & Schombert (2016), AJ 152, 157",
F568-3,SPARC,1,,,,82.4,8.24,,40.0,10.0,,7.0,1.35,18.0,0.64,17.98,12.4,74.817,120.0,,False,0.0,,,,,"Lelli, McGaugh & Schombert (2016), AJ 152, 157",
F568-V1,SPARC,1,,,,80.6,8.06,,40.0,10.0,,7.0,4.46,15.0,0.39,17.63,17.4,94.813,118.0,,False,4.0,,,,,"Lelli, McGaugh & Schombert (2016), AJ 152, 157",
F571-8,SPARC,1,,,,53.3,10.7,,85.0,5.0,,5.0,0.24,13.0,0.22,15.55,12.4,94.162,144.0,,False,0.0,,,,,"Lelli, McGaugh & Schombert (2016), AJ 152, 157",
F571-V1,SPARC,1,,,,80.1,8.0,,30.0,10.0,,7.0,2.56,7.0,1.95,13.59,32.0,69.743,84.3,,False,0.0,,,,,"Lelli, McGaugh & Schombert (2016), AJ 152, 157",
F574-1,SPARC,1,,,,96.8,9.68,,65.0,10.0,,7.0,2.06,14.0,0.47,12.6,15.3,80.743,99.7,,False,0.0,,,,,"Lelli, McGaugh & Schombert (2016), AJ 152, 157",
F574-2,SPARC,1,,,,89.1,8.91,,30.0,10.0,,9.0,0.57,5.0,2.17,10.83,12.6,28.32,40.0,,False,2.0,,,,,"Lelli, McGaugh & Schombert (2016), AJ 152, 157",
F579-V1,SPARC,1,,,,89.5,8.95,,26.0,10.0,,5.0,2.59,14.0,0.42,15.16,35.7,100.557,114.0,,False,4.0,,,,,"Lelli, McGaugh & Schombert (2016), AJ 152, 157",
F583-1,SPARC,1,,,,35.4,8.85,,63.0,5.0,,9.0,2.16,25.0,0.26,16.26,10.0,53.264,86.9,,False,13.0,,,,,"Lelli, McGaugh & Schombert (2016), AJ 152, 157",
F583-4,SPARC,1,,,,53.3,10.7,,55.0,10.0,,5.0,1.96,12.0,0.22,7.29,10.7,51.233,69.9,,False,0.0,,,,,"Lelli, McGaugh & Schombert (2016), AJ 152, 157",
IC2574,SPARC,1,,,,3.91,0.2,,75.0,7.0,,9.0,1.4,34.0,0.85,10.23,10.3,43.476,67.5,,False,0.0,,,,,"Lelli, McGaugh & Schombert (2016), AJ 152, 157",
IC4202,SPARC,1,,,,100.4,10.0,,90.0,1.0,,4.0,0.38,32.0,0.77,25.9,35.1,219.719,250.0,,True,0.0,,,,,"Lelli, McGaugh & Schombert (2016), AJ 152, 157",
KK98-251,SPARC,1,,,,6.8,2.04,,59.0,5.0,,10.0,2.71,15.0,0.25,3.13,4.25,21.583,34.6,,False,0.0,,,,,"Lelli, McGaugh & Schombert (2016), AJ 152, 157",
NGC0024,SPARC,1,,,,7.3,0.36,,64.0,3.0,,5.0,1.75,29.0,0.21,11.27,17.4,84.659,110.0,,False,0.0,,,,,"Lelli, McGaugh & Schombert (2016), AJ 152, 157",
NGC0055,SPARC,1,,,,2.11,0.11,,77.0,3.0,,9.0,1.17,21.0,1.23,13.5,28.7,72.252,87.4,,False,0.0,,,,,"Lelli, McGaugh & Schombert (2016), AJ 152, 157",
NGC0100,SPARC,1,,,,13.5,4.05,,89.0,1.0,,6.0,1.02,21.0,0.23,9.62,6.81,67.343,91.2,,False,5.0,,,,,"Lelli, McGaugh & Schombert (2016), AJ 152, 157",
NGC0247,SPARC,1,,,,3.7,0.19,,74.0,3.0,,7.0,2.26,26.0,1.08,14.54,34.6,85.173,108.0,,False,0.0,,,,,"Lelli, McGaugh & Schombert (2016), AJ 152, 157",
NGC0289,SPARC,1,,,,20.8,5.2,,46.0,5.0,,4.0,0.79,28.0,1.5,71.12,156.0,173.036,194.0,,False,0.0,,,,,"Lelli, McGaugh & Schombert (2016), AJ 152, 157",
NGC0300,SPARC,1,,,,2.08,0.1,,42.0,10.0,,7.0,1.62,25.0,0.91,11.8,33.1,80.664,97.0,,False,0.0,,,,,"Lelli, McGaugh & Schombert (2016), AJ 152, 157",
NGC0801,SPARC,1,,,,80.7,8.07,,80.0,1.0,,5.0,0.51,13.0,1.17,59.82,123.0,207.462,238.0,,False,0.0,,,,,"Lelli, McGaugh & Schombert (2016), AJ 152, 157",
NGC0891,SPARC,1,,,,9.91,0.5,,90.0,1.0,,3.0,0.43,18.0,0.92,17.11,192.0,219.444,234.0,,True,7.0,,,,,"Lelli, McGaugh & Schombert (2016), AJ 152, 157",
NGC1003,SPARC,1,,,,11.4,3.42,,67.0,5.0,,6.0,1.05,36.0,1.25,30.24,47.0,99.031,115.0,,False,0.0,,,,,"Lelli, McGaugh & Schombert (2016), AJ 152, 157",
NGC1090,SPARC,1,,,,37.0,9.25,,64.0,3.0,,4.0,0.61,24.0,0.35,30.09,20.9,149.996,176.0,,False,7.0,,,,,"Lelli, McGaugh & Schombert (2016), AJ 152, 157",
NGC1705,SPARC,1,,,,5.73,0.29,,80.0,10.0,,11.0,2.59,14.0,0.22,6.0,50.2,69.65,73.2,,False,0.0,,,,,"Lelli, McGaugh & Schombert (2016), AJ 152, 157",
NGC2366,SPARC,1,,,,3.27,0.16,,68.0,5.0,,10.0,0.96,26.0,0.12,6.06,4.2,40.493,53.7,,False,2.0,,,,,"Lelli, McGaugh & Schombert (2016), AJ 152, 157",
NGC2403,SPARC,1,,,,3.16,0.16,,63.0,3.0,,6.0,0.88,73.0,0.16,20.87,24.5,107.997,136.0,,False,0.0,,,,,"Lelli, McGaugh & Schombert (2016), AJ 152, 157",
NGC2683,SPARC,1,,,,9.81,0.49,,80.0,5.0,,3.0,0.8,11.0,2.89,34.62,150.0,177.636,212.0,,True,0.0,,,,,"Lelli, McGaugh & Schombert (2016), AJ 152, 157",
NGC2841,SPARC,1,,,,14.1,1.4,,76.0,10.0,,3.0,1.17,50.0,3.44,63.64,271.0,301.42,323.0,,True,9.0,,,,,"Lelli, McGaugh & Schombert (2016), AJ 152, 157",
NGC2903,SPARC,1,,,,6.6,1.98,,66.0,3.0,,4.0,0.46,34.0,0.32,24.96,44.0,182.706,216.0,,False,0.0,,,,,"Lelli, McGaugh & Schombert (2016), AJ 152, 157",
NGC2915,SPARC,1,,,,4.06,0.2,,56.0,4.0,,11.0,0.52,30.0,0.34,10.04,13.5,74.117,86.5,,False,0.0,,,,,"Lelli, McGaugh & Schombert (2016), AJ 152, 157",
NGC2955,SPARC,1,,,,97.9,9.8,,56.0,7.0,,3.0,0.45,24.0,0.75,35.43,169.0,252.125,276.0,,True,0.0,,,,,"Lelli, McGaugh & Schombert (2016), AJ 152, 157",
NGC2976,SPARC,1,,,,3.58,0.18,,61.0,10.0,,5.0,0.72,27.0,0.11,2.27,6.8,51.159,88.7,,False,0.0,,,,,"Lelli, McGaugh & Schombert (2016), AJ 152, 157",
NGC2998,SPARC,1,,,,68.1,10.2,,58.0,2.0,,5.0,1.08,13.0,0.33,42.28,90.0,187.077,214.0,,False,0.0,,,,,"Lelli, McGaugh & Schombert (2016), AJ 152, 157",
NGC3109,SPARC,1,,,,1.33,0.07,,70.0,5.0,,9.0,4.63,25.0,0.26,6.45,6.1,45.764,67.3,,False,0.0,,,,,"Lelli, McGaugh & Schombert (2016), AJ 152, 157",
NGC3198,SPARC,1,,,,13.8,1.4,,73.0,3.0,,5.0,0.89,43.0,0.32,44.08,24.4,125.672,157.0,,False,6.0,,,,,"Lelli, McGaugh & Schombert (2016), AJ 152, 157",
NGC3521,SPARC,1,,,,7.7,2.3,,75.0,5.0,,4.0,0.59,41.0,0.51,17.74,143.0,207.439,220.0,,False,18.0,,,,,"Lelli, McGaugh & Schombert (2016), AJ 152, 157",
NGC3726,SPARC,1,,,,18.0,2.5,,53.0,2.0,,5.0,0.65,12.0,3.5,32.52,102.0,151.833,169.0,,False,0.0,,,,,"Lelli, McGaugh & Schombert (2016), AJ 152, 157",
NGC3741,SPARC,1,,,,3.21,0.17,,70.0,4.0,,10.0,1.96,21.0,0.23,7.0,13.1,36.181,51.6,,False,0.0,,,,,"Lelli, McGaugh & Schombert (2016), AJ 152, 157",
NGC3769,SPARC,1,,,,18.0,2.5,,70.0,2.0,,3.0,0.66,12.0,1.74,37.16,87.5,115.875,126.0,,False,0.0,,,,,"Lelli, McGaugh & Schombert (2016), AJ 152, 157",
NGC3877,SPARC,1,,,,18.0,2.5,,76.0,1.0,,5.0,0.56,13.0,0.87,11.35,37.8,144.069,171.0,,False,0.0,,,,,"Lelli, McGaugh & Schombert (2016), AJ 152, 157",
NGC3893,SPARC,1,,,,18.0,2.5,,49.0,2.0,,5.0,0.68,10.0,1.74,19.05,145.0,178.6,194.0,,False,0.0,,,,,"Lelli, McGaugh & Schombert (2016), AJ 152, 157",
NGC3917,SPARC,1,,,,18.0,2.5,,79.0,2.0,,6.0,1.2,17.0,0.87,14.86,24.3,114.853,138.0,,False,0.0,,,,,"Lelli, McGaugh & Schombert (2016), AJ 152, 157",
NGC3949,SPARC,1,,,,18.0,2.5,,55.0,2.0,,4.0,0.59,7.0,1.74,7.07,123.0,153.143,169.0,,False,0.0,,,,,"Lelli, McGaugh & Schombert (2016), AJ 152, 157",
NGC3953,SPARC,1,,,,18.0,2.5,,62.0,1.0,,4.0,0.82,8.0,3.5,15.68,181.0,213.625,224.0,,False,0.0,,,,,"Lelli, McGaugh & Schombert (2016), AJ 152, 157",
NGC3972,SPARC,1,,,,18.0,2.5,,77.0,1.0,,4.0,1.19,10.0,0.87,8.72,39.6,105.1,134.0,,False,0.0,,,,,"Lelli, McGaugh & Schombert (2016), AJ 152, 157",
NGC3992,SPARC,1,,,,23.7,2.3,,56.0,2.0,,4.0,1.23,9.0,9.19,46.02,237.0,253.667,272.0,,False,0.0,,,,,"Lelli, McGaugh & Schombert (2016), AJ 152, 157",
NGC4010,SPARC,1,,,,18.0,2.5,,89.0,1.0,,7.0,0.75,12.0,0.87,10.47,39.3,98.8,129.0,,False,0.0,,,,,"Lelli, McGaugh & Schombert (2016), AJ 152, 157",
NGC4013,SPARC,1,,,,18.0,2.5,,89.0,1.0,,3.0,0.69,36.0,5.49,31.01,162.0,178.417,198.0,,True,0.0,,,,,"Lelli, McGaugh & Schombert (2016), AJ 152, 157",
NGC4051,SPARC,1,,,,18.0,2.5,,49.0,3.0,,4.0,0.66,7.0,1.74,12.19,116.0,143.571,161.0,,False,0.0,,,,,"Lelli, McGaugh & Schombert (2016), AJ 152, 157",
NGC4068,SPARC,1,,,,4.37,0.22,,44.0,6.0,,10.0,0.69,6.0,0.21,2.33,4.68,24.763,41.9,,False,0.0,,,,,"Lelli, McGaugh & Schombert (2016), AJ 152, 157",
NGC4085,SPARC,1,,,,18.0,2.5,,82.0,2.0,,5.0,0.37,7.0,0.87,6.2,42.2,108.586,136.0,,False,0.0,,,,,"Lelli, McGaugh & Schombert (2016), AJ 152, 157",
NGC4088,SPARC,1,,,,18.0,2.5,,69.0,2.0,,4.0,0.45,12.0,1.74,21.48,84.9,162.158,182.0,,False,0.0,,,,,"Lelli, McGaugh & Schombert (2016), AJ 152, 157",
NGC4100,SPARC,1,,,,18.0,2.5,,73.0,2.0,,4.0,0.95,24.0,2.61,22.76,120.0,175.292,195.0,,False,0.0,,,,,"Lelli, McGaugh & Schombert (2016), AJ 152, 157",
NGC4138,SPARC,1,,,,18.0,2.5,,53.0,3.0,,0.0,0.82,7.0,2.61,18.58,145.0,165.571,195.0,,True,0.0,,,,,"Lelli, McGaugh & Schombert (2016), AJ 152, 157",
NGC4157,SPARC,1,,,,18.0,2.5,,82.0,3.0,,3.0,0.59,17.0,1.74,29.61,96.4,180.788,201.0,,True,0.0,,,,,"Lelli, McGaugh & Schombert (2016), AJ 152, 157",
NGC4183,SPARC,1,,,,18.0,2.5,,82.0,2.0,,6.0,1.81,23.0,0.87,21.02,47.1,101.9,115.0,,False,0.0,,,,,"Lelli, McGaugh & Schombert (2016), AJ 152, 157",
NGC4214,SPARC,1,,,,2.87,0.14,,15.0,10.0,,10.0,1.45,14.0,0.21,5.63,55.5,75.221,80.6,,False,0.0,,,,,"Lelli, McGaugh & Schombert (2016), AJ 152, 157",
NGC4217,SPARC,1,,,,18.0,2.5,,86.0,2.0,,3.0,0.29,19.0,0.87,16.72,47.8,168.616,191.0,,True,0.0,,,,,"Lelli, McGaugh & Schombert (2016), AJ 152, 157",
NGC4389,SPARC,1,,,,18.0,2.5,,50.0,4.0,,4.0,0.16,6.0,0.87,5.32,27.3,73.1,110.0,,False,0.0,,,,,"Lelli, McGaugh & Schombert (2016), AJ 152, 157",
NGC4559,SPARC,1,,,,9.0,2.7,,67.0,1.0,,6.0,0.78,32.0,0.67,20.97,43.8,110.491,124.0,,False,3.0,,,,,"Lelli, McGaugh & Schombert (2016), AJ 152, 157",
NGC5005,SPARC,1,,,,16.9,1.5,,68.0,2.0,,4.0,0.54,18.0,0.49,11.47,211.0,252.278,265.0,,True,0.0,,,,,"Lelli, McGaugh & Schombert (2016), AJ 152, 157",
NGC5033,SPARC,1,,,,15.7,4.7,,66.0,1.0,,5.0,0.71,22.0,0.76,44.59,191.0,211.545,225.0,,True,0.0,,,,,"Lelli, McGaugh & Schombert (2016), AJ 152, 157",
NGC5055,SPARC,1,,,,9.9,0.3,,55.0,6.0,,4.0,0.49,28.0,0.72,54.59,125.0,187.25,206.0,,False,0.0,,,,,"Lelli, McGaugh & Schombert (2016), AJ 152, 157",
NGC5371,SPARC,1,,,,39.7,9.92,,53.0,2.0,,4.0,0.67,19.0,1.45,46.24,207.0,221.368,242.0,,False,0.0,,,,,"Lelli, McGaugh & Schombert (2016), AJ 152, 157",
NGC5585,SPARC,1,,,,7.06,2.12,,51.0,2.0,,7.0,0.65,24.0,0.09,10.96,11.2,62.188,92.3,,False,0.0,,,,,"Lelli, McGaugh & Schombert (2016), AJ 152, 157",
NGC5907,SPARC,1,,,,17.3,0.9,,88.0,2.0,,5.0,1.07,19.0,5.03,50.33,211.0,221.579,235.0,,False,0.0,,,,,"Lelli, McGaugh & Schombert (2016), AJ 152, 157",
NGC5985,SPARC,1,,,,39.7,9.9,,60.0,2.0,,3.0,1.59,33.0,3.54,34.72,223.0,285.455,305.0,,True,12.0,,,,,"Lelli, McGaugh & Schombert (2016), AJ 152, 157",
NGC6015,SPARC,1,,,,17.0,5.1,,60.0,2.0,,6.0,1.03,44.0,0.34,29.23,35.5,143.218,166.0,,False,13.0,,,,,"Lelli, McGaugh & Schombert (2016), AJ 152, 157",
NGC6195,SPARC,1,,,,127.8,12.8,,62.0,5.0,,3.0,0.47,23.0,1.33,36.43,175.0,243.087,258.0,,True,0.0,,,,,"Lelli, McGaugh & Schombert (2016), AJ 152, 157",
NGC6503,SPARC,1,,,,6.26,0.31,,74.0,2.0,,6.0,0.83,31.0,0.76,23.5,77.0,114.29,121.0,,False,0.0,,,,,"Lelli, McGaugh & Schombert (2016), AJ 152, 157",
NGC6674,SPARC,1,,,,51.2,10.2,,54.0,6.0,,3.0,1.46,15.0,2.5,72.41,206.0,249.933,291.0,,True,0.0,,,,,"Lelli, McGaugh & Schombert (2016), AJ 152, 157",
NGC6789,SPARC,1,,,,3.52,0.18,,43.0,7.0,,11.0,2.96,4.0,0.1,0.71,13.9,37.725,60.4,,False,0.0,,,,,"Lelli, McGaugh & Schombert (2016), AJ 152, 157",
NGC6946,SPARC,1,,,,5.52,1.66,,38.0,2.0,,6.0,0.59,58.0,0.19,20.4,128.0,163.293,181.0,,True,0.0,,,,,"Lelli, McGaugh & Schombert (2016), AJ 152, 157",
NGC7331,SPARC,1,,,,14.7,1.5,,75.0,2.0,,3.0,0.45,36.0,2.67,36.31,221.0,241.861,257.0,,True,7.0,,,,,"Lelli, McGaugh & Schombert (2016), AJ 152, 157",
NGC7793,SPARC,1,,,,3.61,0.18,,47.0,9.0,,7.0,0.53,46.0,0.11,7.87,9.1,74.457,116.0,,False,0.0,,,,,"Lelli, McGaugh & Schombert (2016), AJ 152, 157",
NGC7814,SPARC,1,,,,14.4,0.66,,90.0,1.0,,2.0,0.76,18.0,0.63,19.53,214.0,224.611,265.0,,True,6.0,,,,,"Lelli, McGaugh & Schombert (2016), AJ 152, 157",
PGC51017,SPARC,1,,,,13.6,1.4,,66.0,3.0,,11.0,0.61,6.0,0.33,3.63,18.2,19.167,20.5,,False,0.0,,,,,"Lelli, McGaugh & Schombert (2016), AJ 152, 157",
UGC00128,SPARC,1,,,,64.5,9.7,,57.0,10.0,,8.0,4.07,22.0,1.25,53.75,34.1,118.427,134.0,,False,0.0,,,,,"Lelli, McGaugh & Schombert (2016), AJ 152, 157",
UGC00191,SPARC,1,,,,17.1,5.1,,45.0,5.0,,9.0,1.87,9.0,0.62,9.98,29.9,58.978,83.85,,False,0.0,,,,,"Lelli, McGaugh & Schombert (2016), AJ 152, 157",
UGC00634,SPARC,1,,,,30.9,7.7,,37.0,8.0,,9.0,4.93,4.0,4.51,18.01,69.75,95.737,108.0,,False,0.0,,,,,"Lelli, McGaugh & Schombert (2016), AJ 152, 157",
UGC00731,SPARC,1,,,,12.5,3.75,,57.0,3.0,,10.0,15.28,12.0,0.91,10.91,29.6,61.783,74.0,,False,0.0,,,,,"Lelli, McGaugh & Schombert (2016), AJ 152, 157",
UGC00891,SPARC,1,,,,10.2,3.1,,60.0,5.0,,9.0,4.06,5.0,1.48,7.39,24.35,49.19,63.75,,False,0.0,,,,,"Lelli, McGaugh & Schombert (2016), AJ 152, 157",
UGC01230,SPARC,1,,,,53.7,10.7,,22.0,10.0,,9.0,1.9,11.0,0.78,36.54,19.8,91.882,113.0,,False,0.0,,,,,"Lelli, McGaugh & Schombert (2016), AJ 152, 157",
UGC01281,SPARC,1,,,,5.27,0.24,,90.0,1.0,,8.0,2.14,25.0,0.08,4.99,1.41,34.431,56.9,,False,9.0,,,,,"Lelli, McGaugh & Schombert (2016), AJ 152, 157",
UGC02023,SPARC,1,,,,10.4,3.1,,19.0,10.0,,10.0,0.77,5.0,0.76,3.78,15.1,37.48,58.8,,False,0.0,,,,,"Lelli, McGaugh & Schombert (2016), AJ 152, 157",
UGC02259,SPARC,1,,,,10.5,3.1,,41.0,3.0,,8.0,3.83,8.0,1.02,8.14,56.1,79.838,90.0,,False,0.0,,,,,"Lelli, McGaugh & Schombert (2016), AJ 152, 157",
UGC02455,SPARC,1,,,,6.92,2.08,,51.0,5.0,,10.0,0.13,8.0,0.5,4.03,16.9,37.375,61.0,,False,0.0,,,,,"Lelli, McGaugh & Schombert (2016), AJ 152, 157",
UGC02487,SPARC,1,,,,69.1,10.4,,36.0,5.0,,0.0,1.4,17.0,9.93,80.38,329.0,355.059,383.0,,True,4.0,,,,,"Lelli, McGaugh & Schombert (2016), AJ 152, 157",
UGC02885,SPARC,1,,,,80.6,8.06,,64.0,4.0,,5.0,0.89,19.0,1.7,74.07,256.0,285.842,305.0,,True,0.0,,,,,"Lelli, McGaugh & Schombert (2016), AJ 152, 157",
UGC02916,SPARC,1,,,,65.4,9.8,,50.0,5.0,,2.0,0.56,43.0,0.37,38.0,181.0,208.721,218.0,,True,11.0,,,,,"Lelli, McGaugh & Schombert (2016), AJ 152, 157",
UGC02953,SPARC,1,,,,16.5,4.95,,50.0,4.0,,2.0,0.65,115.0,0.09,62.39,231.0,273.861,319.0,,True,69.0,,,,,"Lelli, McGaugh & Schombert (2016), AJ 152, 157",
UGC03205,SPARC,1,,,,50.0,10.0,,67.0,4.0,,2.0,0.89,48.0,0.28,40.04,107.0,215.125,237.0,,True,23.0,,,,,"Lelli, McGaugh & Schombert (2016), AJ 152, 157",
UGC03546,SPARC,1,,,,28.7,7.2,,55.0,5.0,,1.0,0.51,30.0,0.63,29.23,190.0,212.0,262.0,,True,10.0,,,,,"Lelli, McGaugh & Schombert (2016), AJ 152, 157",
UGC03580,SPARC,1,,,,20.7,5.2,,63.0,4.0,,1.0,0.32,47.0,0.11,27.06,56.2,91.702,131.0,,True,8.0,,,,,"Lelli, McGaugh & Schombert (2016), AJ 152, 157",
UGC04278,SPARC,1,,,,9.51,2.85,,90.0,3.0,,7.0,1.69,25.0,0.14,6.69,5.23,56.881,92.8,,False,13.0,,,,,"Lelli, McGaugh & Schombert (2016), AJ 152, 157",
UGC04305,SPARC,1,,,,3.45,0.17,,40.0,10.0,,10.0,0.61,22.0,0.25,5.52,3.17,30.085,37.3,,False,2.0,,,,,"Lelli, McGaugh & Schombert (2016), AJ 152, 157",
UGC04325,SPARC,1,,,,9.6,2.88,,41.0,3.0,,9.0,3.4,8.0,0.7,5.59,41.3,81.05,92.7,,False,0.0,,,,,"Lelli, McGaugh & Schombert (2016), AJ 152, 157",
UGC04483,SPARC,1,,,,3.34,0.31,,58.0,3.0,,10.0,1.63,8.0,0.08,1.21,5.11,18.276,24.3,,False,0.0,,,,,"Lelli, McGaugh & Schombert (2016), AJ 152, 157",
UGC04499,SPARC,1,,,,12.5,3.75,,50.0,3.0,,8.0,1.59,9.0,0.91,8.18,26.0,60.889,74.3,,False,1.0,,,,,"Lelli, McGaugh & Schombert (2016), AJ 152, 157",
UGC05005,SPARC,1,,,,53.7,10.7,,41.0,10.0,,10.0,1.34,11.0,0.78,28.61,14.5,69.673,100.0,,False,0.0,,,,,"Lelli, McGaugh & Schombert (2016), AJ 152, 157",
UGC05253,SPARC,1,,,,22.9,5.72,,37.0,4.0,,2.0,0.71,73.0,0.13,53.29,210.0,241.781,248.0,,True,8.0,,,,,"Lelli, McGaugh & Schombert (2016), AJ 152, 157",
UGC05414,SPARC,1,,,,9.4,2.82,,55.0,3.0,,10.0,1.28,6.0,0.68,4.11,20.5,45.183,61.4,,False,0.0,,,,,"Lelli, McGaugh & Schombert (2016), AJ 152, 157",
UGC05716,SPARC,1,,,,21.3,5.3,,54.0,10.0,,9.0,4.08,12.0,1.03,12.37,39.15,64.442,74.7,,False,0.0,,,,,"Lelli, McGaugh & Schombert (2016), AJ 152, 157",
UGC05721,SPARC,1,,,,6.18,1.85,,61.0,5.0,,7.0,1.49,23.0,0.09,6.74,16.5,70.335,82.6,,False,0.0,,,,,"Lelli, McGaugh & Schombert (2016), AJ 152, 157",
UGC05750,SPARC,1,,,,58.7,11.7,,64.0,10.0,,8.0,1.47,11.0,0.31,22.85,3.1,48.7,78.9,,False,0.0,,,,,"Lelli, McGaugh & Schombert (2016), AJ 152, 157",
UGC05764,SPARC,1,,,,7.47,2.24,,60.0,10.0,,10.0,14.1,10.0,0.36,3.62,21.45,45.77,55.8,,False,0.0,,,,,"Lelli, McGaugh & Schombert (2016), AJ 152, 157",
UGC05829,SPARC,1,,,,8.64,2.59,,34.0,10.0,,10.0,4.14,11.0,0.63,6.91,14.8,46.364,68.6,,False,3.0,,,,,"Lelli, McGaugh & Schombert (2016), AJ 152, 157",
UGC05918,SPARC,1,,,,7.66,2.3,,46.0,5.0,,10.0,5.14,8.0,0.56,4.46,16.9,35.288,44.5,,False,0.0,,,,,"Lelli, McGaugh & Schombert (2016), AJ 152, 157",
UGC05986,SPARC,1,,,,8.63,2.59,,90.0,3.0,,9.0,1.54,15.0,0.63,9.41,29.5,96.74,116.0,,False,3.0,,,,,"Lelli, McGaugh & Schombert (2016), AJ 152, 157",
UGC05999,SPARC,1,,,,47.7,9.5,,22.0,10.0,,10.0,1.96,5.0,3.48,16.22,46.2,83.24,100.0,,False,0.0,,,,,"Lelli, McGaugh & Schombert (2016), AJ 152, 157",
UGC06399,SPARC,1,,,,18.0,2.5,,75.0,2.0,,9.0,2.14,9.0,0.87,7.85,24.8,68.756,87.6,,False,0.0,,,,,"Lelli, McGaugh & Schombert (2016), AJ 152, 157",
UGC06446,SPARC,1,,,,12.0,3.6,,51.0,3.0,,7.0,3.8,17.0,0.58,10.22,31.3,72.965,84.9,,False,0.0,,,,,"Lelli, McGaugh & Schombert (2016), AJ 152, 157",
UGC06614,SPARC,1,,,,88.7,8.87,,36.0,10.0,,1.0,0.78,13.0,3.23,64.59,170.0,186.308,205.0,,True,7.0,,,,,"Lelli, McGaugh & Schombert (2016), AJ 152, 157",
UGC06628,SPARC,1,,,,15.1,4.53,,20.0,10.0,,9.0,0.71,7.0,1.1,7.69,26.9,39.1,42.3,,False,1.0,,,,,"Lelli, McGaugh & Schombert (2016), AJ 152, 157",
UGC06667,SPARC,1,,,,18.0,2.5,,89.0,1.0,,6.0,14.78,9.0,0.87,7.85,26.6,67.867,85.7,,False,0.0,,,,,"Lelli, McGaugh & Schombert (2016), AJ 152, 157",
UGC06786,SPARC,1,,,,29.3,7.32,,64.0,3.0,,0.0,0.85,45.0,0.16,34.05,160.0,212.378,229.0,,True,5.0,,,,,"Lelli, McGaugh & Schombert (2016), AJ 152, 157",
UGC06787,SPARC,1,,,,21.3,5.32,,66.0,3.0,,2.0,0.61,71.0,0.12,37.19,134.0,239.648,276.0,,True,28.0,,,,,"Lelli, McGaugh & Schombert (2016), AJ 152, 157",
UGC06818,SPARC,1,,,,18.0,2.5,,75.0,3.0,,9.0,0.71,8.0,0.87,6.98,23.4,51.588,74.4,,False,0.0,,,,,"Lelli, McGaugh & Schombert (2016), AJ 152, 157",
UGC06917,SPARC,1,,,,18.0,2.5,,56.0,2.0,,9.0,1.45,11.0,1.74,10.47,59.2,94.173,111.0,,False,0.0,,,,,"Lelli, McGaugh & Schombert (2016), AJ 152, 157",
UGC06923,SPARC,1,,,,18.0,2.5,,65.0,2.0,,10.0,0.86,6.0,0.93,5.16,40.5,67.7,81.1,,False,0.0,,,,,"Lelli, McGaugh & Schombert (2016), AJ 152, 157",
UGC06930,SPARC,1,,,,18.0,2.5,,32.0,5.0,,7.0,1.84,10.0,1.74,16.61,54.7,97.56,109.0,,False,0.0,,,,,"Lelli, McGaugh & Schombert (2016), AJ 152, 157",
UGC06973,SPARC,1,,,,18.0,2.5,,71.0,3.0,,2.0,0.29,9.0,1.74,7.85,170.0,173.778,180.0,,True,0.0,,,,,"Lelli, McGaugh & Schombert (2016), AJ 152, 157",
UGC06983,SPARC,1,,,,18.0,2.5,,49.0,1.0,,6.0,1.93,17.0,1.74,15.68,56.9,101.165,113.0,,False,0.0,,,,,"Lelli, McGaugh & Schombert (2016), AJ 152, 157",
UGC07089,SPARC,1,,,,18.0,2.5,,80.0,3.0,,8.0,1.11,12.0,0.87,9.16,20.9,59.792,79.1,,False,0.0,,,,,"Lelli, McGaugh & Schombert (2016), AJ 152, 157",
UGC07125,SPARC,1,,,,19.8,5.9,,90.0,3.0,,9.0,1.3,13.0,1.44,18.68,26.1,56.738,65.6,,False,0.0,,,,,"Lelli, McGaugh & Schombert (2016), AJ 152, 157",
UGC07151,SPARC,1,,,,6.87,0.34,,90.0,3.0,,6.0,1.28,11.0,0.5,5.5,24.2,62.309,76.2,,False,3.0,,,,,"Lelli, McGaugh & Schombert (2016), AJ 152, 157",
UGC07232,SPARC,1,,,,2.83,0.17,,59.0,5.0,,10.0,1.06,4.0,0.21,0.82,16.4,30.45,44.0,,False,0.0,,,,,"Lelli, McGaugh & Schombert (2016), AJ 152, 157",
UGC07261,SPARC,1,,,,13.1,3.93,,30.0,10.0,,8.0,1.67,7.0,0.95,6.67,46.8,67.2,76.1,,False,0.0,,,,,"Lelli, McGaugh & Schombert (2016), AJ 152, 157",
UGC07323,SPARC,1,,,,8.0,2.4,,47.0,3.0,,8.0,1.03,10.0,0.58,5.82,23.9,60.1,85.6,,False,2.0,,,,,"Lelli, McGaugh & Schombert (2016), AJ 152, 157",
UGC07399,SPARC,1,,,,8.43,2.53,,55.0,3.0,,8.0,3.21,10.0,0.61,6.13,47.3,88.32,106.0,,False,0.0,,,,,"Lelli, McGaugh & Schombert (2016), AJ 152, 157",
UGC07524,SPARC,1,,,,4.74,0.24,,46.0,3.0,,9.0,2.1,31.0,0.35,10.69,14.4,62.739,83.8,,False,4.0,,,,,"Lelli, McGaugh & Schombert (2016), AJ 152, 157",
UGC07559,SPARC,1,,,,4.97,0.25,,61.0,3.0,,10.0,1.04,7.0,0.36,2.53,9.31,23.659,32.1,,False,0.0,,,,,"Lelli, McGaugh & Schombert (2016), AJ 152, 157",
UGC07577,SPARC,1,,,,2.59,0.13,,63.0,3.0,,10.0,0.61,9.0,0.19,1.69,3.74,10.689,17.8,,False,2.0,,,,,"Lelli, McGaugh & Schombert (2016), AJ 152, 157",
UGC07603,SPARC,1,,,,4.7,1.41,,78.0,3.0,,7.0,1.47,12.0,0.34,4.11,19.6,52.717,64.0,,False,0.0,,,,,"Lelli, McGaugh & Schombert (2016), AJ 152, 157",
UGC07608,SPARC,1,,,,8.21,2.46,,25.0,10.0,,10.0,5.56,8.0,0.6,4.78,14.6,49.225,69.3,,False,0.0,,,,,"Lelli, McGaugh & Schombert (2016), AJ 152, 157",
UGC07690,SPARC,1,,,,8.11,2.43,,41.0,5.0,,10.0,1.19,7.0,0.59,4.13,45.3,56.471,60.7,,False,0.0,,,,,"Lelli, McGaugh & Schombert (2016), AJ 152, 157",
UGC07866,SPARC,1,,,,4.57,0.23,,44.0,5.0,,10.0,1.83,7.0,0.33,2.32,12.2,24.771,33.1,,False,0.0,,,,,"Lelli, McGaugh & Schombert (2016), AJ 152, 157",
UGC08286,SPARC,1,,,,6.5,0.21,,90.0,3.0,,6.0,3.41,17.0,0.47,8.04,22.2,72.776,84.3,,False,3.0,,,,,"Lelli, McGaugh & Schombert (2016), AJ 152, 157",
UGC08490,SPARC,1,,,,4.65,0.53,,50.0,3.0,,9.0,1.98,30.0,0.34,10.15,38.8,75.157,80.1,,False,0.0,,,,,"Lelli, McGaugh & Schombert (2016), AJ 152, 157",
UGC08550,SPARC,1,,,,6.7,2.0,,90.0,3.0,,7.0,2.57,11.0,0.49,5.36,25.0,49.782,57.8,,False,0.0,,,,,"Lelli, McGaugh & Schombert (2016), AJ 152, 157",
UGC08699,SPARC,1,,,,39.3,9.82,,73.0,9.0,,2.0,0.68,41.0,0.22,25.7,152.0,184.171,202.0,,True,0.0,,,,,"Lelli, McGaugh & Schombert (2016), AJ 152, 157",
UGC08837,SPARC,1,,,,7.21,0.36,,80.0,5.0,,10.0,0.85,8.0,0.52,4.2,7.31,30.489,48.0,,False,2.0,,,,,"Lelli, McGaugh & Schombert (2016), AJ 152, 157",
UGC09037,SPARC,1,,,,83.6,8.4,,65.0,5.0,,6.0,0.39,22.0,2.43,27.96,62.2,137.927,160.0,,False,0.0,,,,,"Lelli, McGaugh & Schombert (2016), AJ 152, 157",
UGC09133,SPARC,1,,,,57.1,11.4,,53.0,6.0,,2.0,0.67,68.0,0.32,108.31,222.0,264.176,289.0,,True,3.0,,,,,"Lelli, McGaugh & Schombert (2016), AJ 152, 157",
UGC09992,SPARC,1,,,,10.7,3.21,,30.0,10.0,,10.0,1.61,5.0,0.78,3.89,28.1,32.02,34.3,,False,0.0,,,,,"Lelli, McGaugh & Schombert (2016), AJ 152, 157",
UGC10310,SPARC,1,,,,15.2,4.6,,34.0,6.0,,9.0,2.41,7.0,1.1,7.74,33.2,62.743,73.2,,False,0.0,,,,,"Lelli, McGaugh & Schombert (2016), AJ 152, 157",
UGC11455,SPARC,1,,,,78.6,11.8,,90.0,1.0,,6.0,0.43,36.0,0.62,41.93,35.1,228.244,291.0,,False,0.0,,,,,"Lelli, McGaugh & Schombert (2016), AJ 152, 157",
UGC11557,SPARC,1,,,,24.2,6.05,,30.0,10.0,,8.0,0.22,12.0,0.33,10.56,4.0,57.317,85.0,,False,2.0,,,,,"Lelli, McGaugh & Schombert (2016), AJ 152, 157",
UGC11820,SPARC,1,,,,18.1,5.43,,45.0,10.0,,9.0,2.18,10.0,0.26,15.82,16.0,51.205,84.45,,False,1.0,,,,,"Lelli, McGaugh & Schombert (2016), AJ 152, 157",
UGC11914,SPARC,1,,,,16.9,5.1,,31.0,5.0,,2.0,0.81,65.0,0.28,9.83,168.0,279.523,305.0,,True,0.0,,,,,"Lelli, McGaugh & Schombert (2016), AJ 152, 157",
UGC12506,SPARC,1,,,,100.6,10.1,,86.0,4.0,,6.0,1.85,31.0,0.82,49.99,107.0,228.871,255.0,,False,0.0,,,,,"Lelli, McGaugh & Schombert (2016), AJ 152, 157",
UGC12632,SPARC,1,,,,9.77,2.93,,46.0,3.0,,9.0,3.44,15.0,0.71,10.66,24.1,60.187,73.2,,False,0.0,,,,,"Lelli, McGaugh & Schombert (2016), AJ 152, 157",
UGC12732,SPARC,1,,,,13.2,4.0,,39.0,6.0,,9.0,3.27,16.0,0.96,15.4,34.2,75.75,98.0,,False,2.0,,,,,"Lelli, McGaugh & Schombert (2016), AJ 152, 157",
UGCA281,SPARC,1,,,,5.68,0.28,,67.0,3.0,,11.0,1.62,7.0,0.09,1.08,7.0,22.114,29.5,,False,0.0,,,,,"Lelli, McGaugh & Schombert (2016), AJ 152, 157",
UGCA442,SPARC,1,,,,4.35,0.22,,64.0,7.0,,9.0,7.0,8.0,0.42,6.33,14.2,44.788,57.8,,False,0.0,,,,,"Lelli, McGaugh & Schombert (2016), AJ 152, 157",
UGCA444,SPARC,1,,,,0.98,0.05,,78.0,4.0,,10.0,14.7,36.0,0.12,2.62,6.48,26.236,38.3,,False,1.0,,,,,"Lelli, McGaugh & Schombert (2016), AJ 152, 157",
NGC628,THINGS,1,VLA,24.17375,15.783333,7.3,,657.0,7.0,,20.0,,,,,,,,,,,,,,,,"Walter et al. (2008), AJ 136, 2563",No RC data: FITS datacube only
NGC925,THINGS,1,VLA,36.81875,33.57875,9.2,,546.3,66.0,,286.6,,,96.0,0.401,13.113,12.76,81.564,119.91,,,,,,,,"Walter et al. (2008), AJ 136, 2563",
NGC1569,THINGS,1,VLA,67.704583,64.848056,2.0,,-104.0,63.0,,121.0,,,,,,,,,,,,,,,,"Walter et al. (2008), AJ 136, 2563",No RC data: FITS datacube only
NGC2366,THINGS,1,VLA,112.2225,69.214194,3.4,,104.0,63.8,,39.8,,,75.0,0.099,7.418,2.59,42.575,57.81,,,,,,,,"Walter et al. (2008), AJ 136, 2563",
NGC2403,THINGS,1,VLA,114.212917,65.600806,3.2,,132.8,62.9,,123.7,,,288.0,0.062,17.872,1.98,121.622,143.87,,,,,,,,"Walter et al. (2008), AJ 136, 2563",
HoII,THINGS,1,VLA,124.770833,70.72,3.4,,157.0,45.0,,175.0,,,,,,,,,,,,,,,,"Walter et al. (2008), AJ 136, 2563",No RC data: FITS datacube only
M81DwA,THINGS,1,VLA,125.983333,71.029167,3.6,,113.0,27.0,,,,,,,,,,,,,,,,,,"Walter et al. (2008), AJ 136, 2563","PA undetermined (Walter+2008 ""—""); inc=27 indicative from de Blok+2008 Table 1 iHI; no RC data"
DDO53,THINGS,1,VLA,128.53,66.181667,3.6,,20.0,27.0,,135.0,,,,,,,,,,,,,,,,"Walter et al. (2008), AJ 136, 2563",No RC data: FITS datacube only
NGC2841,THINGS,1,VLA,140.510833,50.9765,14.1,,633.7,73.7,,152.6,,,141.0,3.76,51.611,270.56,295.175,323.92,,,,,,,,"Walter et al. (2008), AJ 136, 2563",
NGC2903,THINGS,1,VLA,143.042083,21.501194,8.9,,555.6,65.2,,204.3,,,97.0,0.302,29.298,20.16,185.692,215.47,,,,,,,,"Walter et al. (2008), AJ 136, 2563",
HoI,THINGS,1,VLA,145.134583,71.182222,3.8,,139.0,12.0,,45.0,,,,,,,,,,,,,,,,"Walter et al. (2008), AJ 136, 2563",No RC data: FITS datacube only
NGC2976,THINGS,1,VLA,146.81375,67.916667,3.6,,1.1,64.5,,334.5,,,42.0,0.061,2.566,10.63,56.711,86.23,,,,,,,,"Walter et al. (2008), AJ 136, 2563",
NGC3031,THINGS,1,VLA,148.887917,69.065194,3.6,,-34.0,59.0,,330.2,,,117.0,2.409,14.661,195.35,227.858,259.75,,,,,,,,"Walter et al. (2008), AJ 136, 2563",
NGC3077,THINGS,1,VLA,150.829583,68.733889,3.8,,14.0,45.0,,45.0,,,,,,,,,,,,,,,,"Walter et al. (2008), AJ 136, 2563",No RC data: FITS datacube only
M81DwB,THINGS,1,VLA,151.3775,70.364444,5.3,,346.0,67.0,,,,,,,,,,,,,,,,,,"Walter et al. (2008), AJ 136, 2563","PA undetermined (Walter+2008 ""—""); inc=28 indicative from de Blok+2008 Table 1 iHI; no RC data"
NGC3184,THINGS,1,VLA,154.570833,41.424444,11.1,,592.0,16.0,,135.0,,,,,,,,,,,,,,,,"Walter et al. (2008), AJ 136, 2563",No RC data: FITS datacube only
NGC3198,THINGS,1,VLA,154.979167,45.549694,13.8,,660.7,71.5,,215.0,,,94.0,0.401,37.734,23.77,140.859,158.67,,,,,,,,"Walter et al. (2008), AJ 136, 2563",
IC2574,THINGS,1,VLA,157.115417,68.4165,4.0,,53.1,53.4,,55.7,,,100.0,0.116,11.636,1.29,49.637,78.46,,,,,,,,"Walter et al. (2008), AJ 136, 2563",
NGC3351,THINGS,1,VLA,160.990417,11.703889,10.1,,778.0,41.0,,192.0,,,,,,,,,,,,,,,,"Walter et al. (2008), AJ 136, 2563",No RC data: FITS datacube only
NGC3521,THINGS,1,VLA,166.4525,-0.035889,10.7,,803.5,72.7,,339.8,,,100.0,0.311,31.125,19.38,204.589,233.44,,,,,,,,"Walter et al. (2008), AJ 136, 2563",
NGC3621,THINGS,1,VLA,169.56875,-32.814139,6.6,,728.5,64.7,,345.4,,,123.0,0.208,25.582,17.2,136.05,159.21,,,,,,,,"Walter et al. (2008), AJ 136, 2563",
NGC3627,THINGS,1,VLA,170.0625,12.991556,9.3,,708.2,61.8,,173.0,,,26.0,1.804,7.439,168.25,193.798,207.06,,,,,,,,"Walter et al. (2008), AJ 136, 2563",
NGC4214,THINGS,1,VLA,183.913333,36.326944,2.9,,291.0,44.0,,65.0,,,,,,,,,,,,,,,,"Walter et al. (2008), AJ 136, 2563",No RC data: FITS datacube only
NGC4449,THINGS,1,VLA,187.049583,44.094444,4.2,,207.0,60.0,,45.0,,,,,,,,,,,,,,,,"Walter et al. (2008), AJ 136, 2563",No RC data: FITS datacube only
NGC4736,THINGS,1,VLA,192.720833,41.120333,4.7,,306.7,41.4,,296.1,,,82.0,0.456,9.684,115.44,152.408,198.29,,,,,,,,"Walter et al. (2008), AJ 136, 2563",
DDO154,THINGS,1,VLA,193.52375,27.15275,4.3,,375.9,66.0,,229.7,,,61.0,0.136,8.266,3.9,39.034,50.01,,,,,,,,"Walter et al. (2008), AJ 136, 2563",
NGC4826,THINGS,1,VLA,194.181667,21.683417,7.5,,407.4,65.2,,120.9,,,89.0,0.182,21.998,-189.09,115.836,180.24,,,,,,,,"Walter et al. (2008), AJ 136, 2563",
NGC5055,THINGS,1,VLA,198.955,42.02925,10.1,,496.8,59.0,,101.8,,,199.0,0.245,48.721,60.64,192.574,211.64,,,,,,,,"Walter et al. (2008), AJ 136, 2563",
NGC5194,THINGS,1,VLA,202.469583,47.195278,8.0,,463.0,20.0,,163.0,,,,,,,,,,,,,,,,"Walter et al. (2008), AJ 136, 2563",No RC data: FITS datacube only
NGC5236,THINGS,1,VLA,204.25375,-29.865556,4.5,,513.0,24.0,,225.0,,,,,,,,,,,,,,,,"Walter et al. (2008), AJ 136, 2563",No RC data: FITS datacube only
NGC5457,THINGS,1,VLA,210.8025,54.349167,7.4,,241.0,18.0,,39.0,,,,,,,,,,,,,,,,"Walter et al. (2008), AJ 136, 2563",No RC data: FITS datacube only
NGC6946,THINGS,1,VLA,308.7175,60.154,5.9,,43.7,32.6,,242.7,,,207.0,1.373,19.136,122.3,190.823,224.29,,,,,,,,"Walter et al. (2008), AJ 136, 2563",
NGC7331,THINGS,1,VLA,339.267083,34.415694,14.7,,818.3,75.8,,167.7,,,105.0,2.993,25.229,238.26,249.068,268.1,,,,,,,,"Walter et al. (2008), AJ 136, 2563",
NGC7793,THINGS,1,VLA,359.457083,-32.591083,3.9,,226.2,49.6,,290.1,,,68.0,0.113,7.714,18.2,93.673,117.92,,,,,,,,"Walter et al. (2008), AJ 136, 2563",
CVnIdwA,LITTLE_THINGS,1,VLA,189.663333,32.761389,3.6,,306.2,66.5,,1.3,,,30.0,0.19,2.96,2.99,16.652,26.45,,False,,2.437499,23.774862,,,"Hunter et al. (2012), AJ 144, 134; Oh et al. (2015), AJ 149, 180","Dwarf irregular galaxies. Rising rotation curves. R,V converted from scaled units using R0.3 and V0.3."
DDO_210,LITTLE_THINGS,1,VLA,311.715,-12.849361,0.9,,-139.5,66.7,,65.0,,,16.0,0.04,0.31,1.95,7.34,12.02,,False,,0.31,12.02,,,"Hunter et al. (2012), AJ 144, 134; Oh et al. (2015), AJ 149, 180","Dwarf irregular galaxies. Rising rotation curves. R,V converted from scaled units using R0.3 and V0.3."
DDO_216,LITTLE_THINGS,1,VLA,352.144583,14.748944,1.1,,-186.0,63.7,,133.6,,,26.0,0.09,1.12,3.23,12.605,18.91,,False,,0.485115,13.560367,,,"Hunter et al. (2012), AJ 144, 134; Oh et al. (2015), AJ 149, 180","Dwarf irregular galaxies. Rising rotation curves. R,V converted from scaled units using R0.3 and V0.3."
DDO_53,LITTLE_THINGS,1,VLA,128.526667,66.179972,3.6,,18.6,27.0,,131.6,,,27.0,0.11,1.45,1.94,20.342,33.1379,,False,,1.204556,31.441326,,,"Hunter et al. (2012), AJ 144, 134; Oh et al. (2015), AJ 149, 180","Dwarf irregular galaxies. Rising rotation curves. R,V converted from scaled units using R0.3 and V0.3."
DDO_70,LITTLE_THINGS,1,VLA,150.00375,5.336917,1.3,,303.5,50.0,,44.5,,,48.0,0.08,2.0,4.14,26.477,43.94,,False,,0.559981,23.289692,,,"Hunter et al. (2012), AJ 144, 134; Oh et al. (2015), AJ 149, 180","Dwarf irregular galaxies. Rising rotation curves. R,V converted from scaled units using R0.3 and V0.3."
IC_10,LITTLE_THINGS,1,VLA,5.07875,59.297194,0.7,,-348.0,47.0,,55.7,,,50.0,0.06,0.54,-2.43,21.643,36.1459,,False,,0.274228,73.275475,,,"Hunter et al. (2012), AJ 144, 134; Oh et al. (2015), AJ 149, 180","Dwarf irregular galaxies. Rising rotation curves. R,V converted from scaled units using R0.3 and V0.3."
IC_1613,LITTLE_THINGS,1,VLA,16.206667,2.13725,0.7,,-232.2,48.0,,73.7,,,218.0,0.14,2.71,1.58,13.077,21.13,,False,,2.0,20.51,,,"Hunter et al. (2012), AJ 144, 134; Oh et al. (2015), AJ 149, 180","Dwarf irregular galaxies. Rising rotation curves. R,V converted from scaled units using R0.3 and V0.3."
UGC_8508,LITTLE_THINGS,1,VLA,202.687083,54.909,2.6,,60.5,82.5,,126.1,,,50.0,0.07,1.86,2.16,25.634,46.08,,False,,1.86,46.080002,,,"Hunter et al. (2012), AJ 144, 134; Oh et al. (2015), AJ 149, 180","Dwarf irregular galaxies. Rising rotation curves. R,V converted from scaled units using R0.3 and V0.3."
WLM,LITTLE_THINGS,1,VLA,0.499583,-15.465889,1.0,,-122.3,74.0,,174.5,,,266.0,0.01,3.04,0.35,26.838,38.53,,False,,1.669855,32.606522,,,"Hunter et al. (2012), AJ 144, 134; Oh et al. (2015), AJ 149, 180","Dwarf irregular galaxies. Rising rotation curves. R,V converted from scaled units using R0.3 and V0.3."
DDO_50,LITTLE_THINGS,1,VLA,124.765417,70.7235,3.4,,156.5,49.7,,175.7,,,170.0,0.12,9.81,0.01,31.287,38.84,,False,,0.584312,15.191332,,,"Hunter et al. (2012), AJ 144, 134; Oh et al. (2015), AJ 149, 180","Dwarf irregular galaxies. Rising rotation curves. R,V converted from scaled units using R0.3 and V0.3."
F564-V3,LITTLE_THINGS,1,VLA,135.725,20.073972,8.7,,481.0,56.5,,12.5,,,22.0,0.34,3.71,11.43,27.96,39.22,,False,,1.70419,33.997471,,,"Hunter et al. (2012), AJ 144, 134; Oh et al. (2015), AJ 149, 180","Dwarf irregular galaxies. Rising rotation curves. R,V converted from scaled units using R0.3 and V0.3."
DDO_126,LITTLE_THINGS,1,VLA,186.7775,37.13775,4.9,,219.4,65.0,,138.0,,,60.0,0.13,3.99,2.88,27.517,39.516,,False,,2.956037,38.693935,,,"Hunter et al. (2012), AJ 144, 134; Oh et al. (2015), AJ 149, 180","Dwarf irregular galaxies. Rising rotation curves. R,V converted from scaled units using R0.3 and V0.3."
HARO_29,LITTLE_THINGS,1,VLA,186.576667,48.494556,5.9,,279.3,61.2,,214.5,,,64.0,0.16,5.03,10.94,32.203,43.49,,False,,0.635209,27.880409,,,"Hunter et al. (2012), AJ 144, 134; Oh et al. (2015), AJ 149, 180","Dwarf irregular galaxies. Rising rotation curves. R,V converted from scaled units using R0.3 and V0.3."
DDO_101,LITTLE_THINGS,1,VLA,178.912917,31.519417,6.4,,589.4,51.0,,287.4,,,18.0,0.26,1.95,18.08,51.749,64.92,,False,,1.140152,57.449184,,,"Hunter et al. (2012), AJ 144, 134; Oh et al. (2015), AJ 149, 180","Dwarf irregular galaxies. Rising rotation curves. R,V converted from scaled units using R0.3 and V0.3."
DDO_133,LITTLE_THINGS,1,VLA,188.23,31.538639,3.5,,330.7,43.4,,359.6,,,38.0,0.18,3.48,5.17,35.147,47.5549,,False,,1.83,38.700001,,,"Hunter et al. (2012), AJ 144, 134; Oh et al. (2015), AJ 149, 180","Dwarf irregular galaxies. Rising rotation curves. R,V converted from scaled units using R0.3 and V0.3."
NGC_1569,LITTLE_THINGS,1,VLA,67.6925,64.852861,3.4,,85.4,69.1,,122.5,,,47.0,0.25,3.05,6.84,32.266,49.01,,False,,3.17,49.009998,,,"Hunter et al. (2012), AJ 144, 134; Oh et al. (2015), AJ 149, 180","Dwarf irregular galaxies. Rising rotation curves. R,V converted from scaled units using R0.3 and V0.3."
DDO_43,LITTLE_THINGS,1,VLA,112.07375,40.768972,7.8,,355.4,40.6,,294.1,,,9.0,0.47,4.19,8.56,29.213,38.26,,False,,3.26,37.84,,,"Hunter et al. (2012), AJ 144, 134; Oh et al. (2015), AJ 149, 180","Dwarf irregular galaxies. Rising rotation curves. R,V converted from scaled units using R0.3 and V0.3."
HARO_36,LITTLE_THINGS,1,VLA,191.735833,51.613139,9.3,,499.3,70.0,,248.4,,,20.0,0.32,3.16,8.43,34.763,58.22,,False,,1.596362,34.07251,,,"Hunter et al. (2012), AJ 144, 134; Oh et al. (2015), AJ 149, 180","Dwarf irregular galaxies. Rising rotation curves. R,V converted from scaled units using R0.3 and V0.3."
DDO_168,LITTLE_THINGS,1,VLA,198.61375,45.927028,4.3,,192.6,46.5,,275.5,,,59.0,0.12,3.14,3.33,43.929,67.4141,,False,,2.732018,60.90984,,,"Hunter et al. (2012), AJ 144, 134; Oh et al. (2015), AJ 149, 180","Dwarf irregular galaxies. Rising rotation curves. R,V converted from scaled units using R0.3 and V0.3."
NGC_2366,LITTLE_THINGS,1,VLA,112.2225,69.213778,3.4,,103.5,63.0,,38.7,,,140.0,0.12,8.08,3.68,47.631,60.8706,,False,,2.787214,50.433895,,,"Hunter et al. (2012), AJ 144, 134; Oh et al. (2015), AJ 149, 180","Dwarf irregular galaxies. Rising rotation curves. R,V converted from scaled units using R0.3 and V0.3."
DDO_154,LITTLE_THINGS,1,VLA,193.52375,27.15275,3.7,,372.0,68.2,,226.3,,,106.0,0.14,7.32,4.47,39.982,51.13,,False,,2.728005,40.681252,,,"Hunter et al. (2012), AJ 144, 134; Oh et al. (2015), AJ 149, 180","Dwarf irregular galaxies. Rising rotation curves. R,V converted from scaled units using R0.3 and V0.3."
DDO_87,LITTLE_THINGS,1,VLA,162.395417,65.529972,7.7,,340.0,55.5,,235.1,,,66.0,0.22,7.39,1.52,37.836,56.63,,False,,3.793598,40.245785,,,"Hunter et al. (2012), AJ 144, 134; Oh et al. (2015), AJ 149, 180","Dwarf irregular galaxies. Rising rotation curves. R,V converted from scaled units using R0.3 and V0.3."
DDO_52,LITTLE_THINGS,1,VLA,127.118333,41.857361,10.3,,399.0,43.0,,8.2,,,32.0,0.34,5.43,10.07,45.413,61.72,,False,,5.43,60.259998,,,"Hunter et al. (2012), AJ 144, 134; Oh et al. (2015), AJ 149, 180","Dwarf irregular galaxies. Rising rotation curves. R,V converted from scaled units using R0.3 and V0.3."
DDO_46,LITTLE_THINGS,1,VLA,115.359583,40.110417,6.1,,360.8,27.9,,274.1,,,42.0,0.15,2.92,13.99,59.579,77.4963,,False,,1.964409,72.984924,,,"Hunter et al. (2012), AJ 144, 134; Oh et al. (2015), AJ 149, 180","Dwarf irregular galaxies. Rising rotation curves. R,V converted from scaled units using R0.3 and V0.3."
DDO_47,LITTLE_THINGS,1,VLA,115.480417,16.801972,5.2,,270.7,45.5,,311.6,,,68.0,0.23,7.71,3.55,44.788,68.9045,,False,,4.99,63.740002,,,"Hunter et al. (2012), AJ 144, 134; Oh et al. (2015), AJ 149, 180","Dwarf irregular galaxies. Rising rotation curves. R,V converted from scaled units using R0.3 and V0.3."
NGC_3738,LITTLE_THINGS,1,VLA,173.945417,54.529111,4.9,,235.8,22.6,,292.2,,,24.0,0.08,1.75,16.07,94.82,132.74,,False,,1.183773,116.466866,,,"Hunter et al. (2012), AJ 144, 134; Oh et al. (2015), AJ 149, 180","Dwarf irregular galaxies. Rising rotation curves. R,V converted from scaled units using R0.3 and V0.3."
WALLABY_J094524-480828,WALLABY,2,ASKAP,146.352598,-48.14116,11.66,,874.46,71.02,,32.7,,,9.0,0.454,7.722,12.69,29.99,41.6,10.0,,,,,30.0,0.0,"Deg et al. 2022, PASA 39, e059; Westmeier et al. 2022, PASA 39, e058; Murugeshan et al. 2024",
WALLABY_J094944-471059,WALLABY,2,ASKAP,147.433527,-47.183062,71.51,,5363.54,41.54,,347.35,,,9.0,2.786,47.364,79.39,118.35,133.77,10.0,,,,,30.0,0.0,"Deg et al. 2022, PASA 39, e059; Westmeier et al. 2022, PASA 39, e058; Murugeshan et al. 2024",
WALLABY_J100036-465940,WALLABY,2,ASKAP,150.152727,-46.994553,49.21,,3690.92,51.3,,108.37,,,6.0,1.917,21.09,44.83,63.2,73.42,10.0,,,,,30.0,0.0,"Deg et al. 2022, PASA 39, e059; Westmeier et al. 2022, PASA 39, e058; Murugeshan et al. 2024",
WALLABY_J100123-434533,WALLABY,2,ASKAP,150.348521,-43.759392,47.31,,3548.01,34.37,,243.57,,,7.0,1.843,23.959,80.1,89.07,96.98,10.0,,,,,30.0,0.0,"Deg et al. 2022, PASA 39, e059; Westmeier et al. 2022, PASA 39, e058; Murugeshan et al. 2024",
WALLABY_J100239-452950,WALLABY,2,ASKAP,150.662785,-45.497484,46.77,,3507.63,57.37,,43.43,,,7.0,1.822,23.687,109.85,132.06,146.88,10.0,,,,,30.0,0.0,"Deg et al. 2022, PASA 39, e059; Westmeier et al. 2022, PASA 39, e058; Murugeshan et al. 2024",
WALLABY_J100342-270137,WALLABY,2,ASKAP,150.925581,-27.027123,12.67,,950.28,75.31,,57.07,,,20.0,0.494,20.239,30.12,89.53,133.27,10.0,,,,,30.0,0.0,"Deg et al. 2022, PASA 39, e059; Westmeier et al. 2022, PASA 39, e058; Murugeshan et al. 2024",
WALLABY_J100351-273417,WALLABY,2,ASKAP,150.966205,-27.571503,37.19,,2789.37,31.31,,185.57,,,8.0,4.347,24.632,23.32,210.02,279.75,10.0,,,,,30.0,0.0,"Deg et al. 2022, PASA 39, e059; Westmeier et al. 2022, PASA 39, e058; Murugeshan et al. 2024",
WALLABY_J100426-282638,WALLABY,2,ASKAP,151.109057,-28.444157,14.66,,1099.34,76.33,,267.87,,,17.0,0.571,19.987,27.9,83.71,113.47,10.0,,,,,30.0,0.0,"Deg et al. 2022, PASA 39, e059; Westmeier et al. 2022, PASA 39, e058; Murugeshan et al. 2024",
WALLABY_J100539-282633,WALLABY,2,ASKAP,151.414463,-28.442512,13.87,,1040.01,65.53,,8.2,,,10.0,0.54,10.265,21.2,40.91,51.2,10.0,,,,,30.0,0.0,"Deg et al. 2022, PASA 39, e059; Westmeier et al. 2022, PASA 39, e058; Murugeshan et al. 2024",
WALLABY_J100656-450242,WALLABY,2,ASKAP,151.734782,-45.045075,52.04,,3903.01,69.72,,249.91,,,9.0,2.027,34.467,37.53,153.54,184.8,10.0,,,,,30.0,0.0,"Deg et al. 2022, PASA 39, e059; Westmeier et al. 2022, PASA 39, e058; Murugeshan et al. 2024",
WALLABY_J100748-430145,WALLABY,2,ASKAP,151.951585,-43.029395,83.53,,6264.5,37.06,,348.49,,,4.0,3.254,22.779,44.34,63.44,89.34,10.0,,,,,30.0,0.0,"Deg et al. 2022, PASA 39, e059; Westmeier et al. 2022, PASA 39, e058; Murugeshan et al. 2024",
WALLABY_J100916-431959,WALLABY,2,ASKAP,152.318358,-43.3331,61.13,,4585.11,60.06,,259.25,,,11.0,2.382,50.017,38.89,100.44,124.99,10.0,,,,,30.0,0.0,"Deg et al. 2022, PASA 39, e059; Westmeier et al. 2022, PASA 39, e058; Murugeshan et al. 2024",
WALLABY_J100938-255850,WALLABY,2,ASKAP,152.408854,-25.980648,40.91,,3068.41,27.18,,242.28,,,4.0,1.594,11.157,66.81,101.39,123.06,10.0,,,,,30.0,0.0,"Deg et al. 2022, PASA 39, e059; Westmeier et al. 2022, PASA 39, e058; Murugeshan et al. 2024",
WALLABY_J101035-254920,WALLABY,2,ASKAP,152.646017,-25.82249,33.4,,2504.67,23.65,,145.54,,,6.0,1.301,14.312,44.24,56.38,63.62,10.0,,,,,30.0,0.0,"Deg et al. 2022, PASA 39, e059; Westmeier et al. 2022, PASA 39, e058; Murugeshan et al. 2024",
WALLABY_J101331-434904,WALLABY,2,ASKAP,153.379532,-43.817927,56.24,,4217.91,48.75,,226.96,,,7.0,2.191,28.483,10.53,136.49,180.89,10.0,,,,,30.0,0.0,"Deg et al. 2022, PASA 39, e059; Westmeier et al. 2022, PASA 39, e058; Murugeshan et al. 2024",
WALLABY_J101359-253824,WALLABY,2,ASKAP,153.496384,-25.640029,42.41,,3180.38,66.27,,241.41,,,7.0,1.652,21.477,52.08,92.7,109.63,10.0,,,,,30.0,0.0,"Deg et al. 2022, PASA 39, e059; Westmeier et al. 2022, PASA 39, e058; Murugeshan et al. 2024",
WALLABY_J101441-285221,WALLABY,2,ASKAP,153.674368,-28.872571,14.64,,1097.72,61.73,,233.21,,,8.0,0.57,8.553,54.4,136.06,165.06,10.0,,,,,30.0,0.0,"Deg et al. 2022, PASA 39, e059; Westmeier et al. 2022, PASA 39, e058; Murugeshan et al. 2024",
WALLABY_J101442-445108,WALLABY,2,ASKAP,153.675989,-44.852381,14.64,,1098.14,23.01,,45.27,,,5.0,0.57,5.134,78.6,90.54,101.1,10.0,,,,,30.0,0.0,"Deg et al. 2022, PASA 39, e059; Westmeier et al. 2022, PASA 39, e058; Murugeshan et al. 2024",
WALLABY_J101448-285723,WALLABY,2,ASKAP,153.700598,-28.956518,56.06,,4204.34,67.87,,37.85,,,5.0,2.184,19.656,66.03,164.43,192.38,10.0,,,,,30.0,0.0,"Deg et al. 2022, PASA 39, e059; Westmeier et al. 2022, PASA 39, e058; Murugeshan et al. 2024",
WALLABY_J101655-485238,WALLABY,2,ASKAP,154.229775,-48.877345,36.52,,2739.24,64.38,,202.77,,,18.0,1.423,58.34,2.4,170.74,233.19,10.0,,,,,30.0,0.0,"Deg et al. 2022, PASA 39, e059; Westmeier et al. 2022, PASA 39, e058; Murugeshan et al. 2024",
WALLABY_J101941-254852,WALLABY,2,ASKAP,154.922114,-25.814465,40.07,,3005.56,20.14,,350.74,,,7.0,1.561,20.296,63.61,181.8,234.24,10.0,,,,,30.0,0.0,"Deg et al. 2022, PASA 39, e059; Westmeier et al. 2022, PASA 39, e058; Murugeshan et al. 2024",
WALLABY_J102017-253913,WALLABY,2,ASKAP,155.074336,-25.653777,45.89,,3442.07,45.65,,310.61,,,6.0,1.788,19.668,60.99,72.44,77.86,10.0,,,,,30.0,0.0,"Deg et al. 2022, PASA 39, e059; Westmeier et al. 2022, PASA 39, e058; Murugeshan et al. 2024",
WALLABY_J103023-302336,WALLABY,2,ASKAP,157.597677,-30.393402,54.6,,4095.26,33.97,,148.15,,,6.0,2.127,23.4,32.2,46.05,55.32,10.0,,,,,30.0,0.0,"Deg et al. 2022, PASA 39, e059; Westmeier et al. 2022, PASA 39, e058; Murugeshan et al. 2024",
WALLABY_J103250-301601,WALLABY,2,ASKAP,158.209507,-30.267155,46.43,,3481.94,39.46,,334.99,,,5.0,1.809,16.278,6.96,68.08,96.96,10.0,,,,,30.0,0.0,"Deg et al. 2022, PASA 39, e059; Westmeier et al. 2022, PASA 39, e058; Murugeshan et al. 2024",
WALLABY_J103522-244506,WALLABY,2,ASKAP,158.844059,-24.751028,13.79,,1034.58,23.19,,223.49,,,11.0,0.537,11.286,28.33,49.14,63.25,10.0,,,,,30.0,0.0,"Deg et al. 2022, PASA 39, e059; Westmeier et al. 2022, PASA 39, e058; Murugeshan et al. 2024",
WALLABY_J103523-281855,WALLABY,2,ASKAP,158.848928,-28.315806,44.07,,3304.99,66.49,,318.5,,,10.0,1.717,32.619,63.91,150.31,178.82,10.0,,,,,30.0,0.0,"Deg et al. 2022, PASA 39, e059; Westmeier et al. 2022, PASA 39, e058; Murugeshan et al. 2024",
WALLABY_J103651-260227,WALLABY,2,ASKAP,159.213082,-26.041158,31.54,,2365.35,62.16,,122.12,,,5.0,1.229,11.058,43.92,75.13,91.37,10.0,,,,,30.0,0.0,"Deg et al. 2022, PASA 39, e059; Westmeier et al. 2022, PASA 39, e058; Murugeshan et al. 2024",
WALLABY_J103653-270311,WALLABY,2,ASKAP,159.221124,-27.053239,47.33,,3549.83,50.12,,43.71,,,6.0,1.844,20.284,29.64,91.76,123.64,10.0,,,,,30.0,0.0,"Deg et al. 2022, PASA 39, e059; Westmeier et al. 2022, PASA 39, e058; Murugeshan et al. 2024",
WALLABY_J103655-265412,WALLABY,2,ASKAP,159.233002,-26.902939,43.09,,3231.62,62.95,,210.54,,,5.0,1.679,15.108,16.11,70.57,100.83,10.0,,,,,30.0,0.0,"Deg et al. 2022, PASA 39, e059; Westmeier et al. 2022, PASA 39, e058; Murugeshan et al. 2024",
WALLABY_J103702-273359,WALLABY,2,ASKAP,159.259138,-27.566968,37.96,,2846.63,66.52,,347.93,,,7.0,1.479,19.223,54.39,247.63,354.82,10.0,,,,,30.0,0.0,"Deg et al. 2022, PASA 39, e059; Westmeier et al. 2022, PASA 39, e058; Murugeshan et al. 2024",
WALLABY_J103725-251916,WALLABY,2,ASKAP,159.357417,-25.320735,49.49,,3711.57,25.99,,287.61,,,14.0,5.784,55.912,52.13,178.91,231.01,10.0,,,,,30.0,0.0,"Deg et al. 2022, PASA 39, e059; Westmeier et al. 2022, PASA 39, e058; Murugeshan et al. 2024",
WALLABY_J103818-285307,WALLABY,2,ASKAP,159.574269,-28.88452,58.55,,4391.05,65.79,,171.5,,,6.0,2.281,25.091,75.78,137.57,156.87,10.0,,,,,30.0,0.0,"Deg et al. 2022, PASA 39, e059; Westmeier et al. 2022, PASA 39, e058; Murugeshan et al. 2024",
WALLABY_J103915-301757,WALLABY,2,ASKAP,159.815014,-30.298553,50.02,,3751.15,77.24,,129.01,,,11.0,1.949,40.92,45.61,199.06,268.89,10.0,,,,,30.0,0.0,"Deg et al. 2022, PASA 39, e059; Westmeier et al. 2022, PASA 39, e058; Murugeshan et al. 2024",
WALLABY_J103918-265030,WALLABY,2,ASKAP,159.826114,-26.842142,41.02,,3076.61,69.66,,18.87,,,6.0,1.598,17.58,58.52,152.21,191.3,10.0,,,,,30.0,0.0,"Deg et al. 2022, PASA 39, e059; Westmeier et al. 2022, PASA 39, e058; Murugeshan et al. 2024",
WALLABY_J103922-293505,WALLABY,2,ASKAP,159.841941,-29.584753,51.68,,3875.83,56.5,,117.02,,,5.0,2.013,18.12,79.21,111.74,124.91,10.0,,,,,30.0,0.0,"Deg et al. 2022, PASA 39, e059; Westmeier et al. 2022, PASA 39, e058; Murugeshan et al. 2024",
WALLABY_J104000-292445,WALLABY,2,ASKAP,160.001441,-29.41231,50.22,,3766.36,62.48,,79.66,,,5.0,1.956,17.608,64.18,85.56,99.81,10.0,,,,,30.0,0.0,"Deg et al. 2022, PASA 39, e059; Westmeier et al. 2022, PASA 39, e058; Murugeshan et al. 2024",
WALLABY_J104004-301606,WALLABY,2,ASKAP,160.017808,-30.26791,45.26,,3394.44,54.32,,24.15,,,5.0,1.763,15.869,16.6,105.16,149.48,10.0,,,,,30.0,0.0,"Deg et al. 2022, PASA 39, e059; Westmeier et al. 2022, PASA 39, e058; Murugeshan et al. 2024",
WALLABY_J104016-274630,WALLABY,2,ASKAP,160.069876,-27.775316,52.97,,3972.99,41.07,,113.8,,,9.0,2.064,35.085,54.21,176.11,226.56,10.0,,,,,30.0,0.0,"Deg et al. 2022, PASA 39, e059; Westmeier et al. 2022, PASA 39, e058; Murugeshan et al. 2024",
WALLABY_J104059-270456,WALLABY,2,ASKAP,160.247075,-27.082322,63.27,,4745.18,58.83,,211.72,,,6.0,2.465,27.114,100.06,167.07,191.24,10.0,,,,,30.0,0.0,"Deg et al. 2022, PASA 39, e059; Westmeier et al. 2022, PASA 39, e058; Murugeshan et al. 2024",
WALLABY_J104309-300301,WALLABY,2,ASKAP,160.790061,-30.051676,42.55,,3190.97,46.53,,120.51,,,7.0,1.658,21.548,60.38,81.61,93.48,10.0,,,,,30.0,0.0,"Deg et al. 2022, PASA 39, e059; Westmeier et al. 2022, PASA 39, e058; Murugeshan et al. 2024",
WALLABY_J104311-261500,WALLABY,2,ASKAP,160.79744,-26.250119,60.23,,4517.58,67.03,,251.41,,,8.0,2.347,35.2,16.88,155.02,197.44,10.0,,,,,30.0,0.0,"Deg et al. 2022, PASA 39, e059; Westmeier et al. 2022, PASA 39, e058; Murugeshan et al. 2024",
WALLABY_J104905-292232,WALLABY,2,ASKAP,162.272498,-29.375683,57.04,,4277.95,37.71,,4.42,,,5.0,2.222,20.0,58.85,79.76,95.41,10.0,,,,,30.0,0.0,"Deg et al. 2022, PASA 39, e059; Westmeier et al. 2022, PASA 39, e058; Murugeshan et al. 2024",
WALLABY_J122708+055255,WALLABY,2,ASKAP,186.786881,5.882087,14.89,,1117.02,66.57,,188.82,,,7.0,0.58,7.543,13.37,56.4,78.43,10.0,,,,,30.0,0.0,"Deg et al. 2022, PASA 39, e059; Westmeier et al. 2022, PASA 39, e058; Murugeshan et al. 2024",
WALLABY_J122710+071549,WALLABY,2,ASKAP,186.795255,7.263869,12.35,,926.59,47.65,,142.91,,,12.0,0.481,11.07,47.21,81.24,100.39,10.0,,,,,30.0,0.0,"Deg et al. 2022, PASA 39, e059; Westmeier et al. 2022, PASA 39, e058; Murugeshan et al. 2024",
WALLABY_J122726+061551,WALLABY,2,ASKAP,186.859746,6.26418,19.31,,1448.62,44.49,,82.45,,,5.0,2.257,8.277,58.58,80.02,92.75,10.0,,,,,30.0,0.0,"Deg et al. 2022, PASA 39, e059; Westmeier et al. 2022, PASA 39, e058; Murugeshan et al. 2024",
WALLABY_J122733+061359,WALLABY,2,ASKAP,186.888003,6.233268,85.34,,6400.87,26.24,,33.3,,,6.0,3.325,36.575,0.64,121.9,164.95,10.0,,,,,30.0,0.0,"Deg et al. 2022, PASA 39, e059; Westmeier et al. 2022, PASA 39, e058; Murugeshan et al. 2024",
WALLABY_J123026+041450,WALLABY,2,ASKAP,187.611365,4.247236,32.42,,2431.17,62.37,,172.29,,,7.0,1.263,16.418,67.27,146.22,166.79,10.0,,,,,30.0,0.0,"Deg et al. 2022, PASA 39, e059; Westmeier et al. 2022, PASA 39, e058; Murugeshan et al. 2024",
WALLABY_J123138+035620,WALLABY,2,ASKAP,187.912053,3.938939,22.98,,1723.85,47.72,,52.48,,,17.0,0.895,29.55,24.61,91.7,123.45,10.0,,,,,30.0,0.0,"Deg et al. 2022, PASA 39, e059; Westmeier et al. 2022, PASA 39, e058; Murugeshan et al. 2024",
WALLABY_J123228+002315,WALLABY,2,ASKAP,188.117089,0.387691,20.25,,1518.92,60.62,,205.09,,,16.0,0.789,24.459,31.17,73.69,85.78,10.0,,,,,30.0,0.0,"Deg et al. 2022, PASA 39, e059; Westmeier et al. 2022, PASA 39, e058; Murugeshan et al. 2024",
WALLABY_J123427+021108,WALLABY,2,ASKAP,188.614786,2.185731,24.12,,1808.94,76.37,,308.86,,,24.0,0.94,44.164,19.56,151.97,243.91,10.0,,,,,30.0,0.0,"Deg et al. 2022, PASA 39, e059; Westmeier et al. 2022, PASA 39, e058; Murugeshan et al. 2024",
WALLABY_J123554-015112,WALLABY,2,ASKAP,188.978331,-1.853388,91.66,,6874.62,53.1,,253.52,,,5.0,3.571,32.14,86.12,120.57,136.98,10.0,,,,,30.0,0.0,"Deg et al. 2022, PASA 39, e059; Westmeier et al. 2022, PASA 39, e058; Murugeshan et al. 2024",
WALLABY_J123555-025405,WALLABY,2,ASKAP,188.981196,-2.901571,94.87,,7115.61,34.88,,54.38,,,4.0,3.696,25.874,145.55,189.49,207.42,10.0,,,,,30.0,0.0,"Deg et al. 2022, PASA 39, e059; Westmeier et al. 2022, PASA 39, e058; Murugeshan et al. 2024",
WALLABY_J123630+001315,WALLABY,2,ASKAP,189.127332,0.22084,49.52,,3713.71,50.0,,106.12,,,6.0,1.929,21.22,46.53,76.3,86.98,10.0,,,,,30.0,0.0,"Deg et al. 2022, PASA 39, e059; Westmeier et al. 2022, PASA 39, e058; Murugeshan et al. 2024",
WALLABY_J123703+065533,WALLABY,2,ASKAP,189.263456,6.92604,21.77,,1632.82,29.35,,95.79,,,8.0,0.848,12.723,42.72,73.69,105.47,10.0,,,,,30.0,0.0,"Deg et al. 2022, PASA 39, e059; Westmeier et al. 2022, PASA 39, e058; Murugeshan et al. 2024",
WALLABY_J123803-021549,WALLABY,2,ASKAP,189.514622,-2.263744,34.32,,2574.14,40.85,,208.16,,,4.0,1.337,9.36,91.33,110.9,120.39,10.0,,,,,30.0,0.0,"Deg et al. 2022, PASA 39, e059; Westmeier et al. 2022, PASA 39, e058; Murugeshan et al. 2024",
WALLABY_J123805-000137,WALLABY,2,ASKAP,189.522536,-0.027,49.95,,3746.15,75.11,,115.3,,,9.0,1.946,33.081,75.69,140.38,156.55,10.0,,,,,30.0,0.0,"Deg et al. 2022, PASA 39, e059; Westmeier et al. 2022, PASA 39, e058; Murugeshan et al. 2024",
WALLABY_J123911+004305,WALLABY,2,ASKAP,189.797457,0.718167,67.89,,5091.64,58.54,,252.75,,,7.0,2.645,34.383,94.72,117.47,123.55,10.0,,,,,30.0,0.0,"Deg et al. 2022, PASA 39, e059; Westmeier et al. 2022, PASA 39, e058; Murugeshan et al. 2024",
WALLABY_J123917-003149,WALLABY,2,ASKAP,189.822341,-0.530497,14.21,,1065.38,74.36,,275.67,,,46.0,0.553,51.468,29.16,89.65,109.45,10.0,,,,,30.0,0.0,"Deg et al. 2022, PASA 39, e059; Westmeier et al. 2022, PASA 39, e058; Murugeshan et al. 2024",
WALLABY_J123949+014016,WALLABY,2,ASKAP,189.957738,1.671153,16.23,,1217.55,64.7,,265.52,,,5.0,0.632,5.692,30.14,45.01,53.11,10.0,,,,,30.0,0.0,"Deg et al. 2022, PASA 39, e059; Westmeier et al. 2022, PASA 39, e058; Murugeshan et al. 2024",
WALLABY_J123954-004804,WALLABY,2,ASKAP,189.978347,-0.801268,59.25,,4443.43,38.15,,165.7,,,4.0,2.308,16.157,21.93,60.84,85.68,10.0,,,,,30.0,0.0,"Deg et al. 2022, PASA 39, e059; Westmeier et al. 2022, PASA 39, e058; Murugeshan et al. 2024",
WALLABY_J123955-000822,WALLABY,2,ASKAP,189.980006,-0.139512,40.76,,3056.83,62.93,,253.42,,,5.0,1.588,14.291,48.88,63.6,71.85,10.0,,,,,30.0,0.0,"Deg et al. 2022, PASA 39, e059; Westmeier et al. 2022, PASA 39, e058; Murugeshan et al. 2024",
WALLABY_J124111+012435,WALLABY,2,ASKAP,190.298307,1.409857,22.74,,1705.69,60.73,,322.26,,,8.0,0.886,13.291,46.83,69.44,77.12,10.0,,,,,30.0,0.0,"Deg et al. 2022, PASA 39, e059; Westmeier et al. 2022, PASA 39, e058; Murugeshan et al. 2024",
WALLABY_J124111-013526,WALLABY,2,ASKAP,190.295872,-1.590633,53.29,,3996.97,62.32,,73.29,,,6.0,2.076,22.839,66.31,92.91,101.24,10.0,,,,,30.0,0.0,"Deg et al. 2022, PASA 39, e059; Westmeier et al. 2022, PASA 39, e058; Murugeshan et al. 2024",
WALLABY_J124231+035729,WALLABY,2,ASKAP,190.630071,3.958306,9.89,,741.99,40.24,,195.22,,,6.0,0.385,4.24,46.41,78.64,96.33,10.0,,,,,30.0,0.0,"Deg et al. 2022, PASA 39, e059; Westmeier et al. 2022, PASA 39, e058; Murugeshan et al. 2024",
WALLABY_J124232-012111,WALLABY,2,ASKAP,190.635105,-1.353049,14.78,,1108.58,70.88,,317.07,,,17.0,0.576,25.914,28.05,72.87,110.5,10.0,,,,,30.0,0.0,"Deg et al. 2022, PASA 39, e059; Westmeier et al. 2022, PASA 39, e058; Murugeshan et al. 2024",
WALLABY_J124240+012047,WALLABY,2,ASKAP,190.66927,1.34646,66.93,,5019.53,57.59,,154.18,,,7.0,2.607,33.897,6.4,111.67,153.59,10.0,,,,,30.0,0.0,"Deg et al. 2022, PASA 39, e059; Westmeier et al. 2022, PASA 39, e058; Murugeshan et al. 2024",
WALLABY_J124257-011345,WALLABY,2,ASKAP,190.739472,-1.229414,42.82,,3211.65,73.9,,246.49,,,13.0,1.668,41.708,54.68,132.61,157.7,10.0,,,,,30.0,0.0,"Deg et al. 2022, PASA 39, e059; Westmeier et al. 2022, PASA 39, e058; Murugeshan et al. 2024",
WALLABY_J124317-003841,WALLABY,2,ASKAP,190.823374,-0.644925,35.2,,2640.16,63.4,,216.64,,,6.0,1.371,15.086,64.97,126.01,158.47,10.0,,,,,30.0,0.0,"Deg et al. 2022, PASA 39, e059; Westmeier et al. 2022, PASA 39, e058; Murugeshan et al. 2024",
WALLABY_J124350-003344,WALLABY,2,ASKAP,190.960791,-0.562425,34.95,,2621.39,46.03,,192.72,,,13.0,1.362,34.042,49.46,120.1,140.01,10.0,,,,,30.0,0.0,"Deg et al. 2022, PASA 39, e059; Westmeier et al. 2022, PASA 39, e058; Murugeshan et al. 2024",
WALLABY_J124428+002815,WALLABY,2,ASKAP,191.118999,0.470914,15.72,,1179.21,26.8,,11.56,,,9.0,0.613,11.638,22.17,84.96,113.11,10.0,,,,,30.0,0.0,"Deg et al. 2022, PASA 39, e059; Westmeier et al. 2022, PASA 39, e058; Murugeshan et al. 2024",
WALLABY_J124428-030017,WALLABY,2,ASKAP,191.117913,-3.004803,95.39,,7154.09,59.47,,146.88,,,5.0,3.716,33.446,173.01,185.76,193.63,10.0,,,,,30.0,0.0,"Deg et al. 2022, PASA 39, e059; Westmeier et al. 2022, PASA 39, e058; Murugeshan et al. 2024",
WALLABY_J124433-021916,WALLABY,2,ASKAP,191.140971,-2.321191,21.19,,1589.35,66.3,,264.09,,,12.0,0.826,18.989,26.32,58.08,90.54,10.0,,,,,30.0,0.0,"Deg et al. 2022, PASA 39, e059; Westmeier et al. 2022, PASA 39, e058; Murugeshan et al. 2024",
WALLABY_J124508-002747,WALLABY,2,ASKAP,191.284517,-0.463223,20.32,,1524.2,69.91,,227.0,,,26.0,0.792,40.38,59.63,167.16,228.38,10.0,,,,,30.0,0.0,"Deg et al. 2022, PASA 39, e059; Westmeier et al. 2022, PASA 39, e058; Murugeshan et al. 2024",
WALLABY_J124519-004538,WALLABY,2,ASKAP,191.330192,-0.760787,91.98,,6898.48,37.17,,297.58,,,5.0,3.583,32.251,38.85,45.91,50.1,10.0,,,,,30.0,0.0,"Deg et al. 2022, PASA 39, e059; Westmeier et al. 2022, PASA 39, e058; Murugeshan et al. 2024",
WALLABY_J124645+055723,WALLABY,2,ASKAP,191.690582,5.956428,11.05,,828.6,50.67,,210.62,,,10.0,0.43,8.178,24.61,64.71,86.16,10.0,,,,,30.0,0.0,"Deg et al. 2022, PASA 39, e059; Westmeier et al. 2022, PASA 39, e058; Murugeshan et al. 2024",
WALLABY_J124753-011107,WALLABY,2,ASKAP,191.972431,-1.185289,93.4,,7005.24,60.36,,51.04,,,6.0,3.639,40.028,39.64,119.42,176.62,10.0,,,,,30.0,0.0,"Deg et al. 2022, PASA 39, e059; Westmeier et al. 2022, PASA 39, e058; Murugeshan et al. 2024",
WALLABY_J124947+035042,WALLABY,2,ASKAP,192.449332,3.845206,9.34,,700.43,40.34,,78.82,,,7.0,0.364,5.458,9.02,12.35,16.86,10.0,,,,,30.0,0.0,"Deg et al. 2022, PASA 39, e059; Westmeier et al. 2022, PASA 39, e058; Murugeshan et al. 2024",
WALLABY_J124950+025100,WALLABY,2,ASKAP,192.459588,2.850217,15.35,,1151.2,79.78,,183.36,,,8.0,0.598,8.97,16.34,81.99,107.33,10.0,,,,,30.0,0.0,"Deg et al. 2022, PASA 39, e059; Westmeier et al. 2022, PASA 39, e058; Murugeshan et al. 2024",
WALLABY_J125451+023900,WALLABY,2,ASKAP,193.714221,2.650154,12.51,,938.38,52.69,,53.17,,,7.0,0.487,6.337,43.27,68.89,81.27,10.0,,,,,30.0,0.0,"Deg et al. 2022, PASA 39, e059; Westmeier et al. 2022, PASA 39, e058; Murugeshan et al. 2024",
WALLABY_J125548+041805,WALLABY,2,ASKAP,193.952317,4.301584,10.08,,756.18,76.47,,308.1,,,47.0,0.131,12.177,31.07,114.72,139.77,10.0,,,,,30.0,0.0,"Deg et al. 2022, PASA 39, e059; Westmeier et al. 2022, PASA 39, e058; Murugeshan et al. 2024",
WALLABY_J125549+040049,WALLABY,2,ASKAP,193.956351,4.013833,9.47,,710.5,58.68,,21.6,,,24.0,0.123,5.782,17.9,54.7,72.08,10.0,,,,,30.0,0.0,"Deg et al. 2022, PASA 39, e059; Westmeier et al. 2022, PASA 39, e058; Murugeshan et al. 2024",
WALLABY_J125604+034843,WALLABY,2,ASKAP,194.019327,3.812094,8.18,,613.85,44.62,,302.36,,,9.0,0.319,5.421,32.23,48.87,59.89,10.0,,,,,30.0,0.0,"Deg et al. 2022, PASA 39, e059; Westmeier et al. 2022, PASA 39, e058; Murugeshan et al. 2024",
WALLABY_J125907-121329,WALLABY,2,ASKAP,194.779284,-12.224818,17.54,,1315.53,45.63,,156.84,,,9.0,0.683,11.617,21.59,31.24,42.84,10.0,,,,,30.0,0.0,"Deg et al. 2022, PASA 39, e059; Westmeier et al. 2022, PASA 39, e058; Murugeshan et al. 2024",
WALLABY_J125939-145813,WALLABY,2,ASKAP,194.914351,-14.970294,65.96,,4947.01,75.91,,15.72,,,8.0,2.57,38.546,47.89,146.3,176.8,10.0,,,,,30.0,0.0,"Deg et al. 2022, PASA 39, e059; Westmeier et al. 2022, PASA 39, e058; Murugeshan et al. 2024",
WALLABY_J125956-192430,WALLABY,2,ASKAP,194.983337,-19.408434,11.05,,828.6,62.24,,209.37,,,9.0,0.43,7.317,7.97,18.02,24.84,10.0,,,,,30.0,0.0,"Deg et al. 2022, PASA 39, e059; Westmeier et al. 2022, PASA 39, e058; Murugeshan et al. 2024",
WALLABY_J130017-122041,WALLABY,2,ASKAP,195.071759,-12.344942,20.99,,1573.99,59.38,,299.33,,,12.0,0.818,22.076,39.46,82.56,100.82,10.0,,,,,30.0,0.0,"Deg et al. 2022, PASA 39, e059; Westmeier et al. 2022, PASA 39, e058; Murugeshan et al. 2024",
WALLABY_J130053-132655,WALLABY,2,ASKAP,195.22303,-13.448608,34.1,,2557.44,42.83,,144.58,,,15.0,1.328,38.526,73.22,154.88,211.27,10.0,,,,,30.0,0.0,"Deg et al. 2022, PASA 39, e059; Westmeier et al. 2022, PASA 39, e058; Murugeshan et al. 2024",
WALLABY_J130059-143042,WALLABY,2,ASKAP,195.247702,-14.511922,35.19,,2639.34,30.37,,91.46,,,11.0,1.371,28.792,38.53,153.09,241.28,10.0,,,,,30.0,0.0,"Deg et al. 2022, PASA 39, e059; Westmeier et al. 2022, PASA 39, e058; Murugeshan et al. 2024",
WALLABY_J130148-114530,WALLABY,2,ASKAP,195.453465,-11.758563,79.14,,5935.17,63.53,,199.27,,,6.0,3.083,33.914,94.04,126.69,137.63,10.0,,,,,30.0,0.0,"Deg et al. 2022, PASA 39, e059; Westmeier et al. 2022, PASA 39, e058; Murugeshan et al. 2024",
WALLABY_J130203-145302,WALLABY,2,ASKAP,195.514942,-14.884083,18.03,,1352.01,63.15,,354.58,,,11.0,0.702,14.749,61.17,91.74,147.42,10.0,,,,,30.0,0.0,"Deg et al. 2022, PASA 39, e059; Westmeier et al. 2022, PASA 39, e058; Murugeshan et al. 2024",
WALLABY_J130213-145817,WALLABY,2,ASKAP,195.555229,-14.971501,64.73,,4854.53,43.81,,232.13,,,11.0,2.522,52.956,93.5,154.22,210.69,10.0,,,,,30.0,0.0,"Deg et al. 2022, PASA 39, e059; Westmeier et al. 2022, PASA 39, e058; Murugeshan et al. 2024",
WALLABY_J130213-171416,WALLABY,2,ASKAP,195.557829,-17.237824,9.65,,724.02,26.44,,57.9,,,6.0,0.376,4.137,1.63,14.45,21.63,10.0,,,,,30.0,0.0,"Deg et al. 2022, PASA 39, e059; Westmeier et al. 2022, PASA 39, e058; Murugeshan et al. 2024",
WALLABY_J130223-122031,WALLABY,2,ASKAP,195.599,-12.341988,68.41,,5130.86,48.63,,294.22,,,5.0,2.665,23.987,177.42,192.99,203.67,10.0,,,,,30.0,0.0,"Deg et al. 2022, PASA 39, e059; Westmeier et al. 2022, PASA 39, e058; Murugeshan et al. 2024",
WALLABY_J130228-204117,WALLABY,2,ASKAP,195.619045,-20.688228,111.87,,8390.49,53.2,,285.81,,,5.0,4.358,39.226,37.79,82.44,110.75,10.0,,,,,30.0,0.0,"Deg et al. 2022, PASA 39, e059; Westmeier et al. 2022, PASA 39, e058; Murugeshan et al. 2024",
WALLABY_J130235-113803,WALLABY,2,ASKAP,195.64988,-11.634255,46.45,,3483.76,65.59,,20.2,,,9.0,1.81,30.764,52.78,98.14,122.44,10.0,,,,,30.0,0.0,"Deg et al. 2022, PASA 39, e059; Westmeier et al. 2022, PASA 39, e058; Murugeshan et al. 2024",
WALLABY_J130305+035925,WALLABY,2,ASKAP,195.774859,3.99038,38.03,,2852.08,37.96,,171.24,,,16.0,0.494,15.309,0.08,71.03,94.76,10.0,,,,,30.0,0.0,"Deg et al. 2022, PASA 39, e059; Westmeier et al. 2022, PASA 39, e058; Murugeshan et al. 2024",
WALLABY_J130311-172230,WALLABY,2,ASKAP,195.798167,-17.375083,39.46,,2959.8,27.45,,77.69,,,7.0,1.537,23.062,5.79,19.09,32.66,10.0,,,,,30.0,0.0,"Deg et al. 2022, PASA 39, e059; Westmeier et al. 2022, PASA 39, e058; Murugeshan et al. 2024",
WALLABY_J130314-172514,WALLABY,2,ASKAP,195.811884,-17.420712,9.91,,743.26,73.13,,293.87,,,28.0,0.386,21.235,12.17,47.96,89.61,10.0,,,,,30.0,0.0,"Deg et al. 2022, PASA 39, e059; Westmeier et al. 2022, PASA 39, e058; Murugeshan et al. 2024",
WALLABY_J130315+074816,WALLABY,2,ASKAP,195.813065,7.80448,38.99,,2924.36,30.85,,353.44,,,10.0,1.519,28.862,50.71,152.45,241.47,10.0,,,,,30.0,0.0,"Deg et al. 2022, PASA 39, e059; Westmeier et al. 2022, PASA 39, e058; Murugeshan et al. 2024",
WALLABY_J130358+054204,WALLABY,2,ASKAP,195.991944,5.701191,195.7,,14677.78,68.68,,251.13,,,4.0,7.624,53.371,222.6,245.33,261.03,10.0,,,,,30.0,0.0,"Deg et al. 2022, PASA 39, e059; Westmeier et al. 2022, PASA 39, e058; Murugeshan et al. 2024",
WALLABY_J130415-102023,WALLABY,2,ASKAP,196.062561,-10.339842,41.49,,3111.64,71.87,,3.65,,,23.0,8.082,88.9,54.75,211.63,312.66,10.0,,,,,30.0,0.0,"Deg et al. 2022, PASA 39, e059; Westmeier et al. 2022, PASA 39, e058; Murugeshan et al. 2024",
WALLABY_J130515-165316,WALLABY,2,ASKAP,196.314425,-16.887961,37.81,,2835.44,59.5,,308.6,,,7.0,1.473,19.148,54.44,81.56,96.56,10.0,,,,,30.0,0.0,"Deg et al. 2022, PASA 39, e059; Westmeier et al. 2022, PASA 39, e058; Murugeshan et al. 2024",
WALLABY_J130516-172641,WALLABY,2,ASKAP,196.317314,-17.444843,143.14,,10735.15,69.87,,217.38,,,7.0,5.576,72.494,86.9,212.38,318.46,10.0,,,,,30.0,0.0,"Deg et al. 2022, PASA 39, e059; Westmeier et al. 2022, PASA 39, e058; Murugeshan et al. 2024",
WALLABY_J130558+035723,WALLABY,2,ASKAP,196.495525,3.956555,93.45,,7008.4,80.38,,277.62,,,11.0,3.641,76.452,57.87,212.3,271.76,10.0,,,,,30.0,0.0,"Deg et al. 2022, PASA 39, e059; Westmeier et al. 2022, PASA 39, e058; Murugeshan et al. 2024",
WALLABY_J130618-173039,WALLABY,2,ASKAP,196.576841,-17.510961,19.59,,1469.34,48.66,,300.85,,,8.0,0.763,11.449,23.53,41.28,50.54,10.0,,,,,30.0,0.0,"Deg et al. 2022, PASA 39, e059; Westmeier et al. 2022, PASA 39, e058; Murugeshan et al. 2024",
WALLABY_J130618-193547,WALLABY,2,ASKAP,196.57515,-19.596384,56.7,,4252.36,62.88,,207.59,,,5.0,2.209,19.88,33.77,66.91,89.08,10.0,,,,,30.0,0.0,"Deg et al. 2022, PASA 39, e059; Westmeier et al. 2022, PASA 39, e058; Murugeshan et al. 2024",
WALLABY_J130739+062006,WALLABY,2,ASKAP,196.913104,6.335179,95.31,,7147.96,38.83,,55.71,,,7.0,3.713,48.27,35.09,183.47,254.12,10.0,,,,,30.0,0.0,"Deg et al. 2022, PASA 39, e059; Westmeier et al. 2022, PASA 39, e058; Murugeshan et al. 2024",
WALLABY_J130758-121123,WALLABY,2,ASKAP,196.994583,-12.189718,167.2,,12540.31,51.92,,334.7,,,5.0,6.514,58.627,14.63,128.9,194.38,10.0,,,,,30.0,0.0,"Deg et al. 2022, PASA 39, e059; Westmeier et al. 2022, PASA 39, e058; Murugeshan et al. 2024",
WALLABY_J130802+062900,WALLABY,2,ASKAP,197.010714,6.483351,95.04,,7128.06,54.1,,130.01,,,5.0,3.703,33.324,56.61,150.06,272.53,10.0,,,,,30.0,0.0,"Deg et al. 2022, PASA 39, e059; Westmeier et al. 2022, PASA 39, e058; Murugeshan et al. 2024",
WALLABY_J130806-144640,WALLABY,2,ASKAP,197.02521,-14.77792,34.5,,2587.87,41.35,,358.89,,,6.0,1.344,14.787,39.95,63.78,77.45,10.0,,,,,30.0,0.0,"Deg et al. 2022, PASA 39, e059; Westmeier et al. 2022, PASA 39, e058; Murugeshan et al. 2024",
WALLABY_J130815-210002,WALLABY,2,ASKAP,197.063408,-21.000732,21.82,,1636.5,73.41,,355.63,,,7.0,0.85,11.051,26.26,64.96,84.46,10.0,,,,,30.0,0.0,"Deg et al. 2022, PASA 39, e059; Westmeier et al. 2022, PASA 39, e058; Murugeshan et al. 2024",
WALLABY_J130818-143213,WALLABY,2,ASKAP,197.075536,-14.537099,35.59,,2669.45,60.08,,277.54,,,8.0,1.387,20.8,63.72,89.27,118.09,10.0,,,,,30.0,0.0,"Deg et al. 2022, PASA 39, e059; Westmeier et al. 2022, PASA 39, e058; Murugeshan et al. 2024",
WALLABY_J130854-163609,WALLABY,2,ASKAP,197.22834,-16.60264,34.32,,2574.19,73.72,,160.37,,,7.0,1.337,17.383,34.15,83.78,107.48,10.0,,,,,30.0,0.0,"Deg et al. 2022, PASA 39, e059; Westmeier et al. 2022, PASA 39, e058; Murugeshan et al. 2024",
WALLABY_J130906+051433,WALLABY,2,ASKAP,197.277407,5.242738,48.0,,3600.2,56.02,,175.7,,,8.0,1.87,28.052,27.41,54.69,72.41,10.0,,,,,30.0,0.0,"Deg et al. 2022, PASA 39, e059; Westmeier et al. 2022, PASA 39, e058; Murugeshan et al. 2024",
WALLABY_J130943-163617,WALLABY,2,ASKAP,197.431718,-16.60494,34.07,,2555.19,53.08,,269.91,,,16.0,1.327,41.147,61.08,180.89,233.11,10.0,,,,,30.0,0.0,"Deg et al. 2022, PASA 39, e059; Westmeier et al. 2022, PASA 39, e058; Murugeshan et al. 2024",
WALLABY_J130947-101916,WALLABY,2,ASKAP,197.44817,-10.321176,16.16,,1211.75,56.45,,328.89,,,8.0,0.629,9.442,25.87,87.95,110.45,10.0,,,,,30.0,0.0,"Deg et al. 2022, PASA 39, e059; Westmeier et al. 2022, PASA 39, e058; Murugeshan et al. 2024",
WALLABY_J131029-213510,WALLABY,2,ASKAP,197.62357,-21.586147,93.85,,7038.44,69.99,,265.06,,,6.0,3.656,40.218,88.28,106.84,119.46,10.0,,,,,30.0,0.0,"Deg et al. 2022, PASA 39, e059; Westmeier et al. 2022, PASA 39, e058; Murugeshan et al. 2024",
WALLABY_J131035-214450,WALLABY,2,ASKAP,197.646017,-21.747439,39.42,,2956.65,61.81,,96.53,,,6.0,1.536,16.894,60.05,104.11,131.61,10.0,,,,,30.0,0.0,"Deg et al. 2022, PASA 39, e059; Westmeier et al. 2022, PASA 39, e058; Murugeshan et al. 2024",
WALLABY_J131115-180605,WALLABY,2,ASKAP,197.812973,-18.101556,36.56,,2741.93,58.72,,2.65,,,3.0,1.424,7.122,54.82,61.23,65.6,10.0,,,,,30.0,0.0,"Deg et al. 2022, PASA 39, e059; Westmeier et al. 2022, PASA 39, e058; Murugeshan et al. 2024",
WALLABY_J131122+032431,WALLABY,2,ASKAP,197.843777,3.408681,40.54,,3040.39,62.04,,111.74,,,8.0,1.579,23.69,73.1,86.31,100.76,10.0,,,,,30.0,0.0,"Deg et al. 2022, PASA 39, e059; Westmeier et al. 2022, PASA 39, e058; Murugeshan et al. 2024",
WALLABY_J131206+052832,WALLABY,2,ASKAP,198.026277,5.475565,12.22,,916.82,58.56,,141.54,,,5.0,0.476,4.286,17.13,26.83,31.9,10.0,,,,,30.0,0.0,"Deg et al. 2022, PASA 39, e059; Westmeier et al. 2022, PASA 39, e058; Murugeshan et al. 2024",
WALLABY_J131234-173225,WALLABY,2,ASKAP,198.145213,-17.540429,36.68,,2750.99,61.27,,308.81,,,7.0,1.429,18.577,14.6,149.39,206.28,10.0,,,,,30.0,0.0,"Deg et al. 2022, PASA 39, e059; Westmeier et al. 2022, PASA 39, e058; Murugeshan et al. 2024",
WALLABY_J131237-142630,WALLABY,2,ASKAP,198.156667,-14.441895,82.96,,6221.85,74.96,,58.87,,,7.0,3.232,42.016,85.34,127.19,138.66,10.0,,,,,30.0,0.0,"Deg et al. 2022, PASA 39, e059; Westmeier et al. 2022, PASA 39, e058; Murugeshan et al. 2024",
WALLABY_J131321-185558,WALLABY,2,ASKAP,198.339349,-18.93289,82.0,,6150.06,45.43,,12.64,,,5.0,3.195,28.752,10.8,108.74,149.87,10.0,,,,,30.0,0.0,"Deg et al. 2022, PASA 39, e059; Westmeier et al. 2022, PASA 39, e058; Murugeshan et al. 2024",
WALLABY_J131334-152553,WALLABY,2,ASKAP,198.393024,-15.431622,33.35,,2500.92,17.71,,49.71,,,9.0,1.299,22.085,53.81,91.01,103.5,10.0,,,,,30.0,0.0,"Deg et al. 2022, PASA 39, e059; Westmeier et al. 2022, PASA 39, e058; Murugeshan et al. 2024",
WALLABY_J131400-164707,WALLABY,2,ASKAP,198.502263,-16.785316,40.98,,3073.58,60.61,,102.13,,,6.0,1.597,17.563,35.48,70.6,82.54,10.0,,,,,30.0,0.0,"Deg et al. 2022, PASA 39, e059; Westmeier et al. 2022, PASA 39, e058; Murugeshan et al. 2024",
WALLABY_J131430-173154,WALLABY,2,ASKAP,198.626623,-17.531811,33.01,,2475.56,58.95,,152.81,,,6.0,1.286,14.145,2.19,85.35,112.3,10.0,,,,,30.0,0.0,"Deg et al. 2022, PASA 39, e059; Westmeier et al. 2022, PASA 39, e058; Murugeshan et al. 2024",
WALLABY_J131431-162247,WALLABY,2,ASKAP,198.630199,-16.379795,19.7,,1477.33,36.55,,268.94,,,4.0,0.767,5.372,17.6,47.02,61.66,10.0,,,,,30.0,0.0,"Deg et al. 2022, PASA 39, e059; Westmeier et al. 2022, PASA 39, e058; Murugeshan et al. 2024",
WALLABY_J131658-163757,WALLABY,2,ASKAP,199.24478,-16.632747,23.15,,1735.98,62.56,,338.24,,,14.0,0.902,24.348,9.26,150.31,180.82,10.0,,,,,30.0,0.0,"Deg et al. 2022, PASA 39, e059; Westmeier et al. 2022, PASA 39, e058; Murugeshan et al. 2024",
WALLABY_J131702-104612,WALLABY,2,ASKAP,199.25885,-10.770257,37.73,,2830.1,58.17,,51.58,,,7.0,1.47,19.111,62.47,128.45,183.64,10.0,,,,,30.0,0.0,"Deg et al. 2022, PASA 39, e059; Westmeier et al. 2022, PASA 39, e058; Murugeshan et al. 2024",
WALLABY_J131706-161516,WALLABY,2,ASKAP,199.275886,-16.254521,35.16,,2636.78,73.49,,172.0,,,8.0,1.37,20.545,42.42,110.68,142.5,10.0,,,,,30.0,0.0,"Deg et al. 2022, PASA 39, e059; Westmeier et al. 2022, PASA 39, e058; Murugeshan et al. 2024",
WALLABY_J131712-171511,WALLABY,2,ASKAP,199.301031,-17.253285,33.59,,2519.31,50.71,,225.34,,,6.0,1.309,14.395,121.48,130.55,136.49,10.0,,,,,30.0,0.0,"Deg et al. 2022, PASA 39, e059; Westmeier et al. 2022, PASA 39, e058; Murugeshan et al. 2024",
WALLABY_J131739-213708,WALLABY,2,ASKAP,199.415309,-21.619138,39.0,,2924.93,50.22,,231.69,,,6.0,1.519,16.713,29.39,61.98,74.69,10.0,,,,,30.0,0.0,"Deg et al. 2022, PASA 39, e059; Westmeier et al. 2022, PASA 39, e058; Murugeshan et al. 2024",
WALLABY_J131830-143635,WALLABY,2,ASKAP,199.628009,-14.609983,38.67,,2900.4,54.84,,172.43,,,10.0,1.507,28.626,29.82,122.99,192.95,10.0,,,,,30.0,0.0,"Deg et al. 2022, PASA 39, e059; Westmeier et al. 2022, PASA 39, e058; Murugeshan et al. 2024",
WALLABY_J131840-150339,WALLABY,2,ASKAP,199.666738,-15.061068,42.42,,3181.52,68.7,,28.39,,,6.0,1.653,18.179,43.93,79.21,92.08,10.0,,,,,30.0,0.0,"Deg et al. 2022, PASA 39, e059; Westmeier et al. 2022, PASA 39, e058; Murugeshan et al. 2024",
WALLABY_J132017-144841,WALLABY,2,ASKAP,200.07266,-14.811565,38.89,,2916.74,75.02,,243.34,,,6.0,1.515,16.666,59.34,94.22,112.92,10.0,,,,,30.0,0.0,"Deg et al. 2022, PASA 39, e059; Westmeier et al. 2022, PASA 39, e058; Murugeshan et al. 2024",
WALLABY_J132043-220256,WALLABY,2,ASKAP,200.181888,-22.047949,27.82,,2086.85,69.9,,345.58,,,7.0,1.084,14.092,36.8,69.85,97.87,10.0,,,,,30.0,0.0,"Deg et al. 2022, PASA 39, e059; Westmeier et al. 2022, PASA 39, e058; Murugeshan et al. 2024",
WALLABY_J132050-232904,WALLABY,2,ASKAP,200.21023,-23.484393,27.52,,2064.32,71.72,,307.0,,,5.0,1.072,9.651,13.61,51.81,69.28,10.0,,,,,30.0,1.0,"Deg et al. 2022, PASA 39, e059; Westmeier et al. 2022, PASA 39, e058; Murugeshan et al. 2024",
WALLABY_J132119-130231,WALLABY,2,ASKAP,200.331587,-13.041981,17.19,,1289.17,44.2,,158.73,,,5.0,0.67,6.027,33.85,54.85,74.86,10.0,,,,,30.0,0.0,"Deg et al. 2022, PASA 39, e059; Westmeier et al. 2022, PASA 39, e058; Murugeshan et al. 2024",
WALLABY_J132148-131222,WALLABY,2,ASKAP,200.453571,-13.20615,38.62,,2896.87,50.85,,144.07,,,7.0,1.505,19.562,84.72,118.67,130.65,10.0,,,,,30.0,0.0,"Deg et al. 2022, PASA 39, e059; Westmeier et al. 2022, PASA 39, e058; Murugeshan et al. 2024",
WALLABY_J132202-201335,WALLABY,2,ASKAP,200.511906,-20.226317,25.19,,1889.08,48.71,,270.39,,,5.0,0.981,8.832,34.72,55.79,71.39,10.0,,,,,30.0,0.0,"Deg et al. 2022, PASA 39, e059; Westmeier et al. 2022, PASA 39, e058; Murugeshan et al. 2024",
WALLABY_J132402-243938,WALLABY,2,ASKAP,201.011453,-24.660711,27.41,,2055.73,58.78,,140.91,,,8.0,1.068,16.018,24.9,62.48,90.53,10.0,,,,,30.0,0.0,"Deg et al. 2022, PASA 39, e059; Westmeier et al. 2022, PASA 39, e058; Murugeshan et al. 2024",
WALLABY_J132433-210813,WALLABY,2,ASKAP,201.137567,-21.138717,35.45,,2658.55,52.71,,137.99,,,12.0,1.381,34.525,8.39,136.31,178.85,10.0,,,,,30.0,0.0,"Deg et al. 2022, PASA 39, e059; Westmeier et al. 2022, PASA 39, e058; Murugeshan et al. 2024",
WALLABY_J132441-194214,WALLABY,2,ASKAP,201.174946,-19.703825,26.21,,1965.45,68.38,,180.41,,,13.0,1.021,25.524,16.07,66.28,93.72,10.0,,,,,30.0,0.0,"Deg et al. 2022, PASA 39, e059; Westmeier et al. 2022, PASA 39, e058; Murugeshan et al. 2024",
WALLABY_J132500-240035,WALLABY,2,ASKAP,201.251252,-24.009777,98.76,,7407.2,65.37,,28.93,,,5.0,3.848,34.629,53.9,111.63,163.59,10.0,,,,,30.0,0.0,"Deg et al. 2022, PASA 39, e059; Westmeier et al. 2022, PASA 39, e058; Murugeshan et al. 2024",
WALLABY_J132519-210812,WALLABY,2,ASKAP,201.333014,-21.13699,23.45,,1758.67,59.54,,320.45,,,10.0,0.914,19.185,41.92,69.3,144.19,10.0,,,,,30.0,0.0,"Deg et al. 2022, PASA 39, e059; Westmeier et al. 2022, PASA 39, e058; Murugeshan et al. 2024",
WALLABY_J132529-201001,WALLABY,2,ASKAP,201.374235,-20.1675,107.65,,8073.53,68.71,,331.01,,,8.0,4.194,62.908,4.04,78.45,163.91,10.0,,,,,30.0,0.0,"Deg et al. 2022, PASA 39, e059; Westmeier et al. 2022, PASA 39, e058; Murugeshan et al. 2024",
WALLABY_J132608-163111,WALLABY,2,ASKAP,201.534925,-16.519916,91.87,,6889.99,17.35,,168.84,,,4.0,3.579,25.053,259.5,279.42,296.06,10.0,,,,,30.0,0.0,"Deg et al. 2022, PASA 39, e059; Westmeier et al. 2022, PASA 39, e058; Murugeshan et al. 2024",
WALLABY_J132635-221419,WALLABY,2,ASKAP,201.649466,-22.238669,18.88,,1415.99,53.62,,276.71,,,7.0,0.736,9.562,24.94,42.55,54.94,10.0,,,,,30.0,0.0,"Deg et al. 2022, PASA 39, e059; Westmeier et al. 2022, PASA 39, e058; Murugeshan et al. 2024",
WALLABY_J133010-240841,WALLABY,2,ASKAP,202.542962,-24.14463,65.89,,4942.02,34.48,,245.65,,,7.0,2.567,33.373,12.17,18.24,26.55,10.0,,,,,30.0,0.0,"Deg et al. 2022, PASA 39, e059; Westmeier et al. 2022, PASA 39, e058; Murugeshan et al. 2024",
WALLABY_J133017-214446,WALLABY,2,ASKAP,202.571126,-21.746328,97.45,,7308.88,39.51,,65.89,,,4.0,3.797,26.577,19.33,113.66,173.85,10.0,,,,,30.0,0.0,"Deg et al. 2022, PASA 39, e059; Westmeier et al. 2022, PASA 39, e058; Murugeshan et al. 2024",
WALLABY_J133019-220858,WALLABY,2,ASKAP,202.579549,-22.149354,73.19,,5488.92,62.36,,254.34,,,6.0,2.851,31.364,0.58,85.33,113.08,10.0,,,,,30.0,0.0,"Deg et al. 2022, PASA 39, e059; Westmeier et al. 2022, PASA 39, e058; Murugeshan et al. 2024",
WALLABY_J133041-233009,WALLABY,2,ASKAP,202.674123,-23.502716,171.61,,12870.59,67.55,,282.17,,,6.0,6.686,73.543,52.57,178.53,235.6,10.0,,,,,30.0,0.0,"Deg et al. 2022, PASA 39, e059; Westmeier et al. 2022, PASA 39, e058; Murugeshan et al. 2024",
WALLABY_J133058-215044,WALLABY,2,ASKAP,202.742858,-21.845762,98.08,,7356.14,66.09,,163.25,,,6.0,3.821,42.033,108.71,174.61,194.02,10.0,,,,,30.0,0.0,"Deg et al. 2022, PASA 39, e059; Westmeier et al. 2022, PASA 39, e058; Murugeshan et al. 2024",
WALLABY_J133103-150604,WALLABY,2,ASKAP,202.764478,-15.10125,56.33,,4224.45,64.78,,103.33,,,7.0,2.194,28.527,10.16,113.47,152.66,10.0,,,,,30.0,0.0,"Deg et al. 2022, PASA 39, e059; Westmeier et al. 2022, PASA 39, e058; Murugeshan et al. 2024",
WALLABY_J133103-160750,WALLABY,2,ASKAP,202.76499,-16.130719,77.84,,5837.71,67.93,,84.67,,,7.0,3.032,39.422,169.25,184.96,203.94,10.0,,,,,30.0,0.0,"Deg et al. 2022, PASA 39, e059; Westmeier et al. 2022, PASA 39, e058; Murugeshan et al. 2024",
WALLABY_J133115-250859,WALLABY,2,ASKAP,202.813752,-25.149749,106.13,,7959.9,33.2,,189.14,,,5.0,12.404,45.483,50.24,77.1,88.21,10.0,,,,,30.0,0.0,"Deg et al. 2022, PASA 39, e059; Westmeier et al. 2022, PASA 39, e058; Murugeshan et al. 2024",
WALLABY_J133138-232047,WALLABY,2,ASKAP,202.911717,-23.34666,100.01,,7501.11,54.94,,288.01,,,5.0,3.897,35.069,73.73,103.56,122.01,10.0,,,,,30.0,0.0,"Deg et al. 2022, PASA 39, e059; Westmeier et al. 2022, PASA 39, e058; Murugeshan et al. 2024",
WALLABY_J133208-225710,WALLABY,2,ASKAP,203.034259,-22.953009,67.39,,5053.94,54.29,,54.88,,,5.0,2.625,23.628,88.24,128.76,148.71,10.0,,,,,30.0,0.0,"Deg et al. 2022, PASA 39, e059; Westmeier et al. 2022, PASA 39, e058; Murugeshan et al. 2024",
WALLABY_J133214-210542,WALLABY,2,ASKAP,203.058816,-21.095401,77.44,,5808.18,63.3,,87.15,,,7.0,3.017,39.222,16.83,57.95,71.38,10.0,,,,,30.0,0.0,"Deg et al. 2022, PASA 39, e059; Westmeier et al. 2022, PASA 39, e058; Murugeshan et al. 2024",
WALLABY_J133314-160715,WALLABY,2,ASKAP,203.308504,-16.121087,81.61,,6120.47,66.1,,123.02,,,10.0,3.179,66.766,1.11,238.76,361.58,10.0,,,,,30.0,0.0,"Deg et al. 2022, PASA 39, e059; Westmeier et al. 2022, PASA 39, e058; Murugeshan et al. 2024",
WALLABY_J133329-211151,WALLABY,2,ASKAP,203.374435,-21.19711,94.55,,7091.31,51.93,,142.93,,,5.0,3.684,33.153,42.11,86.9,106.8,10.0,,,,,30.0,0.0,"Deg et al. 2022, PASA 39, e059; Westmeier et al. 2022, PASA 39, e058; Murugeshan et al. 2024",
WALLABY_J133348-244525,WALLABY,2,ASKAP,203.451659,-24.757282,61.8,,4635.27,67.0,,77.51,,,6.0,2.408,26.486,69.54,115.09,137.04,10.0,,,,,30.0,0.0,"Deg et al. 2022, PASA 39, e059; Westmeier et al. 2022, PASA 39, e058; Murugeshan et al. 2024",
WALLABY_J133439-234044,WALLABY,2,ASKAP,203.663363,-23.679148,34.56,,2592.01,34.09,,199.55,,,4.0,1.346,9.425,25.9,81.55,105.57,10.0,,,,,30.0,0.0,"Deg et al. 2022, PASA 39, e059; Westmeier et al. 2022, PASA 39, e058; Murugeshan et al. 2024",
WALLABY_J133440-234722,WALLABY,2,ASKAP,203.667205,-23.789484,104.08,,7805.83,25.6,,196.94,,,5.0,4.055,36.493,30.4,126.87,195.71,10.0,,,,,30.0,0.0,"Deg et al. 2022, PASA 39, e059; Westmeier et al. 2022, PASA 39, e058; Murugeshan et al. 2024",
WALLABY_J133610-234710,WALLABY,2,ASKAP,204.042841,-23.786221,151.46,,11359.81,24.37,,125.27,,,5.0,5.901,53.108,116.33,132.39,145.86,10.0,,,,,30.0,0.0,"Deg et al. 2022, PASA 39, e059; Westmeier et al. 2022, PASA 39, e058; Murugeshan et al. 2024",
WALLABY_J133741-150605,WALLABY,2,ASKAP,204.4218,-15.101394,106.58,,7993.53,47.59,,172.83,,,7.0,4.152,53.98,71.14,141.4,167.41,10.0,,,,,30.0,0.0,"Deg et al. 2022, PASA 39, e059; Westmeier et al. 2022, PASA 39, e058; Murugeshan et al. 2024",
WALLABY_J133756-240727,WALLABY,2,ASKAP,204.4869,-24.124351,121.73,,9129.48,54.53,,247.92,,,5.0,4.742,42.681,19.6,84.42,114.34,10.0,,,,,30.0,0.0,"Deg et al. 2022, PASA 39, e059; Westmeier et al. 2022, PASA 39, e058; Murugeshan et al. 2024",
WALLABY_J133801-225524,WALLABY,2,ASKAP,204.506119,-22.923735,93.33,,6999.79,70.36,,246.86,,,6.0,3.636,39.997,0.33,131.4,169.05,10.0,,,,,30.0,0.0,"Deg et al. 2022, PASA 39, e059; Westmeier et al. 2022, PASA 39, e058; Murugeshan et al. 2024",
WALLABY_J133802-175254,WALLABY,2,ASKAP,204.511983,-17.881764,18.06,,1354.79,26.71,,96.42,,,16.0,0.704,21.816,63.02,116.98,165.09,10.0,,,,,30.0,0.0,"Deg et al. 2022, PASA 39, e059; Westmeier et al. 2022, PASA 39, e058; Murugeshan et al. 2024",
WALLABY_J133811-204047,WALLABY,2,ASKAP,204.546342,-20.679853,172.23,,12917.47,26.72,,18.36,,,5.0,6.71,60.391,61.94,154.94,197.88,10.0,,,,,30.0,0.0,"Deg et al. 2022, PASA 39, e059; Westmeier et al. 2022, PASA 39, e058; Murugeshan et al. 2024",
WALLABY_J133949-220132,WALLABY,2,ASKAP,204.958421,-22.025564,77.86,,5839.53,54.39,,55.94,,,4.0,3.033,21.234,139.3,164.97,176.33,10.0,,,,,30.0,0.0,"Deg et al. 2022, PASA 39, e059; Westmeier et al. 2022, PASA 39, e058; Murugeshan et al. 2024",
WALLABY_J134019-235122,WALLABY,2,ASKAP,205.082692,-23.856319,86.73,,6504.49,39.48,,323.3,,,6.0,3.379,37.167,1.55,162.06,207.66,10.0,,,,,30.0,0.0,"Deg et al. 2022, PASA 39, e059; Westmeier et al. 2022, PASA 39, e058; Murugeshan et al. 2024",
WALLABY_J134501-155202,WALLABY,2,ASKAP,206.256925,-15.86746,118.6,,8895.08,60.72,,265.43,,,5.0,4.621,41.585,0.15,111.85,180.21,10.0,,,,,30.0,0.0,"Deg et al. 2022, PASA 39, e059; Westmeier et al. 2022, PASA 39, e058; Murugeshan et al. 2024",
WALLABY_J163512-580438,WALLABY,2,ASKAP,248.803776,-58.077266,36.52,,2739.02,42.94,,180.66,,,8.0,4.268,24.188,19.64,164.37,197.77,10.0,,,,,30.0,0.0,"Deg et al. 2022, PASA 39, e059; Westmeier et al. 2022, PASA 39, e058; Murugeshan et al. 2024",
WALLABY_J163518-581311,WALLABY,2,ASKAP,248.829061,-58.219849,20.71,,1553.61,59.89,,132.8,,,11.0,2.421,18.562,73.54,121.75,131.2,10.0,,,,,30.0,0.0,"Deg et al. 2022, PASA 39, e059; Westmeier et al. 2022, PASA 39, e058; Murugeshan et al. 2024",
WALLABY_J163650-601632,WALLABY,2,ASKAP,249.211574,-60.275802,45.37,,3402.84,53.14,,104.25,,,10.0,1.768,33.585,88.37,136.0,148.84,10.0,,,,,30.0,0.0,"Deg et al. 2022, PASA 39, e059; Westmeier et al. 2022, PASA 39, e058; Murugeshan et al. 2024",
WALLABY_J163916-601108,WALLABY,2,ASKAP,249.820691,-60.185684,44.61,,3345.78,49.9,,294.78,,,5.0,1.738,15.642,32.44,60.66,72.08,10.0,,,,,30.0,0.0,"Deg et al. 2022, PASA 39, e059; Westmeier et al. 2022, PASA 39, e058; Murugeshan et al. 2024",
WALLABY_J163924-565221,WALLABY,2,ASKAP,249.852576,-56.872734,19.55,,1465.93,49.74,,249.17,,,12.0,0.761,17.514,28.54,56.04,70.49,10.0,,,,,30.0,0.0,"Deg et al. 2022, PASA 39, e059; Westmeier et al. 2022, PASA 39, e058; Murugeshan et al. 2024",
WALLABY_J164052-602341,WALLABY,2,ASKAP,250.220798,-60.39473,70.23,,5267.24,65.61,,282.63,,,11.0,2.736,57.458,65.57,183.94,231.53,10.0,,,,,30.0,0.0,"Deg et al. 2022, PASA 39, e059; Westmeier et al. 2022, PASA 39, e058; Murugeshan et al. 2024",
WALLABY_J164107-605902,WALLABY,2,ASKAP,250.281497,-60.983986,46.58,,3493.73,59.46,,317.26,,,5.0,1.815,16.334,47.64,77.8,92.25,10.0,,,,,30.0,0.0,"Deg et al. 2022, PASA 39, e059; Westmeier et al. 2022, PASA 39, e058; Murugeshan et al. 2024",
WALLABY_J164157-622910,WALLABY,2,ASKAP,250.487708,-62.486364,58.49,,4386.68,44.01,,122.1,,,5.0,2.279,20.508,1.91,91.29,135.2,10.0,,,,,30.0,0.0,"Deg et al. 2022, PASA 39, e059; Westmeier et al. 2022, PASA 39, e058; Murugeshan et al. 2024",
WALLABY_J164219-595904,WALLABY,2,ASKAP,250.581377,-59.984506,72.98,,5473.34,56.12,,302.76,,,5.0,2.843,25.588,9.22,58.0,77.53,10.0,,,,,30.0,0.0,"Deg et al. 2022, PASA 39, e059; Westmeier et al. 2022, PASA 39, e058; Murugeshan et al. 2024",
WALLABY_J164249-610527,WALLABY,2,ASKAP,250.707724,-61.091025,59.46,,4459.49,69.78,,185.36,,,6.0,2.317,25.482,61.02,135.92,158.87,10.0,,,,,30.0,0.0,"Deg et al. 2022, PASA 39, e059; Westmeier et al. 2022, PASA 39, e058; Murugeshan et al. 2024",
WALLABY_J164508-611614,WALLABY,2,ASKAP,251.285273,-61.27071,48.91,,3667.99,64.36,,136.58,,,5.0,1.905,17.148,53.66,84.97,99.13,10.0,,,,,30.0,0.0,"Deg et al. 2022, PASA 39, e059; Westmeier et al. 2022, PASA 39, e058; Murugeshan et al. 2024",
WALLABY_J164739-570817,WALLABY,2,ASKAP,251.914425,-57.138085,10.72,,804.36,56.96,,247.9,,,5.0,0.418,3.76,20.32,31.96,45.48,10.0,,,,,30.0,0.0,"Deg et al. 2022, PASA 39, e059; Westmeier et al. 2022, PASA 39, e058; Murugeshan et al. 2024",
WALLABY_J164740-600851,WALLABY,2,ASKAP,251.920722,-60.147509,43.68,,3275.8,65.39,,206.68,,,8.0,1.702,25.525,81.03,127.03,142.91,10.0,,,,,30.0,0.0,"Deg et al. 2022, PASA 39, e059; Westmeier et al. 2022, PASA 39, e058; Murugeshan et al. 2024",
WALLABY_J164749-613936,WALLABY,2,ASKAP,251.954282,-61.660226,69.98,,5248.42,54.84,,358.48,,,5.0,2.726,24.537,57.56,84.93,94.12,10.0,,,,,30.0,0.0,"Deg et al. 2022, PASA 39, e059; Westmeier et al. 2022, PASA 39, e058; Murugeshan et al. 2024",
WALLABY_J165103-600109,WALLABY,2,ASKAP,252.76598,-60.019244,77.29,,5796.69,58.67,,262.85,,,6.0,3.011,33.122,3.02,130.06,166.49,10.0,,,,,30.0,0.0,"Deg et al. 2022, PASA 39, e059; Westmeier et al. 2022, PASA 39, e058; Murugeshan et al. 2024",
WALLABY_J165348-590530,WALLABY,2,ASKAP,253.452449,-59.091695,21.98,,1648.45,23.84,,191.77,,,5.0,0.856,7.707,16.76,37.14,53.01,10.0,,,,,30.0,0.0,"Deg et al. 2022, PASA 39, e059; Westmeier et al. 2022, PASA 39, e058; Murugeshan et al. 2024",
WALLABY_J165419-615311,WALLABY,2,ASKAP,253.582493,-61.88659,60.18,,4513.41,35.7,,285.53,,,5.0,2.345,21.101,75.27,108.45,119.91,10.0,,,,,30.0,0.0,"Deg et al. 2022, PASA 39, e059; Westmeier et al. 2022, PASA 39, e058; Murugeshan et al. 2024",
WALLABY_J165644-622413,WALLABY,2,ASKAP,254.184255,-62.403763,67.91,,5093.56,65.25,,53.43,,,7.0,2.646,34.396,59.96,142.53,197.77,10.0,,,,,30.0,0.0,"Deg et al. 2022, PASA 39, e059; Westmeier et al. 2022, PASA 39, e058; Murugeshan et al. 2024",
WALLABY_J165724-595238,WALLABY,2,ASKAP,254.350178,-59.877497,42.72,,3204.07,52.95,,302.86,,,8.0,1.664,24.966,61.85,87.9,100.76,10.0,,,,,30.0,0.0,"Deg et al. 2022, PASA 39, e059; Westmeier et al. 2022, PASA 39, e058; Murugeshan et al. 2024",
WALLABY_J165804-605308,WALLABY,2,ASKAP,254.517499,-60.885581,13.76,,1032.17,41.72,,106.71,,,12.0,0.536,12.332,8.12,32.18,60.46,10.0,,,,,30.0,0.0,"Deg et al. 2022, PASA 39, e059; Westmeier et al. 2022, PASA 39, e058; Murugeshan et al. 2024",
WALLABY_J165901-601241,WALLABY,2,ASKAP,254.754682,-60.211533,15.22,,1141.25,50.7,,252.5,,,37.0,0.593,46.834,63.9,124.82,167.49,10.0,,,,,30.0,0.0,"Deg et al. 2022, PASA 39, e059; Westmeier et al. 2022, PASA 39, e058; Murugeshan et al. 2024",
WALLABY_J165949-584125,WALLABY,2,ASKAP,254.957777,-58.690497,63.38,,4753.22,33.9,,246.04,,,6.0,2.469,27.16,88.39,129.2,152.14,10.0,,,,,30.0,0.0,"Deg et al. 2022, PASA 39, e059; Westmeier et al. 2022, PASA 39, e058; Murugeshan et al. 2024",
WALLABY_J170303-614604,WALLABY,2,ASKAP,255.76586,-61.767899,36.24,,2718.2,38.48,,196.98,,,12.0,1.412,32.476,72.53,115.79,129.48,10.0,,,,,30.0,0.0,"Deg et al. 2022, PASA 39, e059; Westmeier et al. 2022, PASA 39, e058; Murugeshan et al. 2024",
WALLABY_J170915-613637,WALLABY,2,ASKAP,257.314297,-61.610447,56.22,,4216.13,63.53,,308.66,,,9.0,2.19,37.232,0.39,100.56,134.09,10.0,,,,,30.0,0.0,"Deg et al. 2022, PASA 39, e059; Westmeier et al. 2022, PASA 39, e058; Murugeshan et al. 2024",
WALLABY_J171015-615505,WALLABY,2,ASKAP,257.562693,-61.918107,64.4,,4830.0,50.37,,137.22,,,6.0,2.509,27.599,30.43,102.1,159.8,10.0,,,,,30.0,0.0,"Deg et al. 2022, PASA 39, e059; Westmeier et al. 2022, PASA 39, e058; Murugeshan et al. 2024",
WALLABY_J171338-590621,WALLABY,2,ASKAP,258.410767,-59.106086,46.84,,3513.04,29.75,,10.84,,,12.0,1.825,41.972,24.68,105.97,138.12,10.0,,,,,30.0,0.0,"Deg et al. 2022, PASA 39, e059; Westmeier et al. 2022, PASA 39, e058; Murugeshan et al. 2024",
WALLABY_J171804-575135,WALLABY,2,ASKAP,259.520601,-57.859982,14.41,,1081.11,64.9,,281.03,,,21.0,0.562,23.025,8.85,68.01,88.24,10.0,,,,,30.0,0.0,"Deg et al. 2022, PASA 39, e059; Westmeier et al. 2022, PASA 39, e058; Murugeshan et al. 2024",
WALLABY_J171829-602453,WALLABY,2,ASKAP,259.622204,-60.414766,75.22,,5641.69,57.9,,202.07,,,5.0,2.931,26.376,89.6,118.76,135.07,10.0,,,,,30.0,0.0,"Deg et al. 2022, PASA 39, e059; Westmeier et al. 2022, PASA 39, e058; Murugeshan et al. 2024",
WALLABY_J172007-600928,WALLABY,2,ASKAP,260.030921,-60.157991,60.07,,4505.06,74.78,,265.08,,,9.0,2.34,39.783,59.63,152.48,174.89,10.0,,,,,30.0,0.0,"Deg et al. 2022, PASA 39, e059; Westmeier et al. 2022, PASA 39, e058; Murugeshan et al. 2024",
